<?xml version="1.0" encoding="UTF-8"?>
<window>
  <defaultcontrol>105</defaultcontrol>
  <allowoverlay>no</allowoverlay>
  <controls>
    <include>CommonBackground</include>
    <control type="image">
      <left>0</left>
      <top>100r</top>
      <width>1280</width>
      <height>100</height>
      <!--texture>floor.png</texture-->
      <include>VisibleFadeEffect</include>
    </control>
    <control type="group">
      <left>90</left>
      <top>30</top>
      <animation type="WindowOpen" reversible="false">
        <effect type="zoom" start="80" end="100" center="640,360" easing="out" tween="back" time="300"/>
        <effect type="fade" start="0" end="100" time="300"/>
      </animation>
      <animation type="WindowClose" reversible="false">
        <effect type="zoom" start="100" end="80" center="640,360" easing="in" tween="back" time="300"/>
        <effect type="fade" start="100" end="0" time="300"/>
      </animation>
      <control type="image">
        <left>5</left>
        <top>5</top>
        <width>1090</width>
        <height>630</height>
        <texture border="15">ContentPanel.png</texture>
      </control>
      <control type="image">
        <left>5</left>
        <top>625</top>
        <width>1090</width>
        <height>64</height>
        <texture border="15">ContentPanelMirror.png</texture>
      </control>
      <control type="button">
        <description>Close Window button</description>
        <left>980</left>
        <top>11</top>
        <width>64</width>
        <height>32</height>
        <label>-</label>
        <font>-</font>
        <onclick>PreviousMenu</onclick>
        <texturefocus>DialogCloseButton-focus.png</texturefocus>
        <texturenofocus>DialogCloseButton.png</texturenofocus>
        <onleft>1</onleft>
        <onright>1</onright>
        <onup>1</onup>
        <ondown>1</ondown>
        <visible>system.getbool(input.enablemouse)</visible>
        <include>VisibleFadeEffect</include>
      </control>
      <control type="image">
        <description>LOGO</description>
        <left>30</left>
        <top>15</top>
        <width>220</width>
        <height>80</height>
        <aspectratio>keep</aspectratio>
        <texture>alienware/alienware-logo.png</texture>
      </control>
      <control type="grouplist" id="103">
        <description>button area</description>
        <left>10</left>
        <top>90</top>
        <width>260</width>
        <height>481</height>
        <itemgap>-1</itemgap>
        <onleft>5</onleft>
        <onright>5</onright>
        <onup>3</onup>
        <ondown>20</ondown>
      </control>
      <control type="image">
        <left>268</left>
        <top>10</top>
        <width>790</width>
        <height>618</height>
        <texture border="5">black-back2.png</texture>
      </control>
      <control type="image">
        <left>268</left>
        <top>10</top>
        <width>790</width>
        <height>52</height>
        <texture>dialogheader.png</texture>
      </control>
      <control type="label">
        <description>header label</description>
        <left>300</left>
        <top>20</top>
        <width>726</width>
        <height>30</height>
        <font>font16</font>
        <label>$ADDON[script.module.aw.devicesettings 33022]</label>
        <align>center</align>
        <aligny>center</aligny>
        <textcolor>white</textcolor>
        <shadowcolor>black</shadowcolor>
      </control>
      <control type="grouplist" id="105">
        <description>control area</description>
        <defaultcontrol>106</defaultcontrol>
        <orientation>vertical</orientation>
        <left>290</left>
        <top>70</top>
        <width>750</width>
        <height>435</height>
        <itemgap>3</itemgap>
        <control type="list" id="106">
          <description>Wireless list</description>
          <height>400</height>
          <viewtype label="3D list">list</viewtype>
          <focusposition>2</focusposition>
          <orientation>vertical</orientation>
          <itemlayout width="740" height="45">
            <control type="image">
              <left>0</left>
              <top>0</top>
              <width>740</width>
              <height>45</height>
              <texture border="5">MenuItemNF.png</texture>
            </control>
            <control type="image">
              <width>15</width>
              <height>15</height>
              <left>10</left>
              <top>15</top>
              <texture>checkmark.png</texture>
              <visible>SubString(ListItem.Property(Connected),True)</visible>
            </control>
            <control type="label">
              <left>40</left>
              <width>550</width>
              <aligny>center</aligny>
              <info>ListItem.Label</info>
            </control>
            <control type="image">
              <width>15</width>
              <height>15</height>
              <left>570</left>
              <top>15</top>
              <texture>whitelock.png</texture>
              <visible>SubString(ListItem.Property(SecurityEnabled),True)</visible>
            </control>
            <control type="image">
              <height>15</height>
              <aspectratio>keep</aspectratio>
              <left>595</left>
              <top>15</top>
              <info>ListItem.Icon</info>
            </control>
          </itemlayout>
          <focusedlayout width="740" height="45">
            <control type="image">
              <left>0</left>
              <top>0</top>
              <width>740</width>
              <height>45</height>
              <texture border="5">MenuItemFO.png</texture>
            </control>
            <control type="image">
              <width>15</width>
              <height>15</height>
              <left>10</left>
              <top>15</top>
              <texture>checkmark.png</texture>
              <visible>SubString(ListItem.Property(Connected),True)</visible>
            </control>
            <control type="label">
              <left>40</left>
              <width>550</width>
              <aligny>center</aligny>
              <info>ListItem.Label</info>
            </control>
            <control type="image">
              <width>15</width>
              <height>15</height>
              <left>570</left>
              <top>15</top>
              <texture>whitelock.png</texture>
              <visible>SubString(ListItem.Property(SecurityEnabled),True)</visible>
            </control>
            <control type="image">
              <height>15</height>
              <aspectratio>keep</aspectratio>
              <left>595</left>
              <top>15</top>
              <info>ListItem.Icon</info>
            </control>
          </focusedlayout>
        </control>      
      </control>
      <control type="image">
        <description>separator image</description>
        <left>290</left>
        <top>525</top>
        <width>750</width>
        <height>2</height>
        <texture>separator2.png</texture>
        <colordiffuse>40FFFFFF</colordiffuse>
      </control>
      <control type="textbox" id="6">
        <description>description area</description>
        <left>297</left>
        <top>530</top>
        <width>736</width>
        <height>85</height>
        <font>font12</font>
        <align>justify</align>
        <textcolor>white</textcolor>
        <autoscroll time="3000" delay="4000" repeat="5000">true</autoscroll>
      </control>
    </control>
    <include>BehindDialogFadeOut</include>
    <control type="button" id="10">
      <description>Default Category Button</description>
      <height>60</height>
      <width>260</width>
      <textoffsetx>20</textoffsetx>
      <align>right</align>
      <aligny>center</aligny>
      <font>font13_title</font>
      <textcolor>white</textcolor>
      <focusedcolor>white</focusedcolor>
      <texturefocus border="5">MenuItemFO.png</texturefocus>
      <texturenofocus border="5">MenuItemNF.png</texturenofocus>
      <pulseonselect>false</pulseonselect>
    </control>
    <control type="button" id="7">
      <description>Default Button</description>
      <left>0</left>
      <top>0</top>
      <height>40</height>
      <font>font13</font>
      <textcolor>white</textcolor>
      <focusedcolor>white</focusedcolor>
      <invalidcolor>invalid</invalidcolor>
      <texturefocus border="0,2,0,2">MenuItemFO.png</texturefocus>
      <texturenofocus border="0,2,0,2">MenuItemNF.png</texturenofocus>
    </control>
    <control type="image" id="11">
      <description>separator image</description>
      <height>2</height>
      <texture>separator2.png</texture>
    </control>
    <control type="label" id="2">
      <description>Fake Label so we can pass it value down to the one below</description>
      <left>0</left>
      <top>0</top>
      <width>0</width>
      <height>0</height>
      <font>-</font>
      <visible>false</visible>
    </control>
    <control type="image">
      <description>Section header image</description>
      <left>20</left>
      <top>3</top>
      <width>35</width>
      <height>35</height>
      <aspectratio>keep</aspectratio>
      <texture>icon_system.png</texture>
    </control>
    <control type="grouplist">
      <left>65</left>
      <top>5</top>
      <width>1000</width>
      <height>30</height>
      <orientation>horizontal</orientation>
      <align>left</align>
      <itemgap>5</itemgap>
      <control type="label">
        <include>WindowTitleCommons</include>
        <label>$ADDON[script.module.aw.devicesettings 33000] > $ADDON[script.module.aw.devicesettings 33022]</label>
      </control>
    </control>
    <include>Clock</include>
  </controls>
</window>
