<?xml version="1.0" encoding="UTF-8"?>
<window>
  <defaultcontrol always="true">9000</defaultcontrol>
  <controls>
    <include>CommonBackground</include>
    <control type="image">
      <left>0</left>
      <top>100r</top>
      <width>1280</width>
      <height>100</height>
      <!--texture>floor.png</texture-->
      <include>VisibleFadeEffect</include>
    </control>
    <control type="image">
      <description>Section header image</description>
      <left>20</left>
      <top>3</top>
      <width>35</width>
      <height>35</height>
      <aspectratio>keep</aspectratio>
      <texture>icon_system.png</texture>
    </control>
    <control type="grouplist">
      <left>65</left>
      <top>5</top>
      <width>1000</width>
      <height>30</height>
      <orientation>horizontal</orientation>
      <align>left</align>
      <itemgap>5</itemgap>
      <control type="label">
        <include>WindowTitleCommons</include>
        <label>$LOCALIZE[20077]</label>
      </control>
      <control type="label">
        <include>WindowTitleCommons</include>
        <label>[COLOR=blue] - [/COLOR]$INFO[Container.FolderName]</label>
        <visible>!IsEmpty(Container.FolderName)</visible>
      </control>
    </control>
    <control type="group">
      <left>90</left>
      <top>30</top>
      <animation type="WindowOpen" reversible="false">
        <effect type="zoom" start="80" end="100" center="640,360" easing="out" tween="back" time="300"/>
        <effect type="fade" start="0" end="100" time="300"/>
      </animation>
      <animation type="WindowClose" reversible="false">
        <effect type="zoom" start="100" end="80" center="640,360" easing="in" tween="back" time="300"/>
        <effect type="fade" start="100" end="0" time="300"/>
      </animation>
      <control type="image">
        <left>5</left>
        <top>5</top>
        <width>1090</width>
        <height>630</height>
        <texture border="15">ContentPanel.png</texture>
      </control>
      <control type="image">
        <left>5</left>
        <top>625</top>
        <width>1090</width>
        <height>64</height>
        <texture border="15">ContentPanelMirror.png</texture>
      </control>
      <control type="button">
        <description>Close Window button</description>
        <left>980</left>
        <top>11</top>
        <width>64</width>
        <height>32</height>
        <label>-</label>
        <font>-</font>
        <onclick>PreviousMenu</onclick>
        <texturefocus>DialogCloseButton-focus.png</texturefocus>
        <texturenofocus>DialogCloseButton.png</texturenofocus>
        <onleft>1</onleft>
        <onright>1</onright>
        <onup>1</onup>
        <ondown>1</ondown>
        <visible>system.getbool(input.enablemouse)</visible>
      </control>
      <control type="image">
        <description>LOGO</description>
        <left>30</left>
        <top>15</top>
        <width>220</width>
        <height>80</height>
        <aspectratio>keep</aspectratio>
        <texture>alienware/alienware-logo.png</texture>
      </control>
      <control type="list" id="9000">
        <left>10</left>
        <top>90</top>
        <width>260</width>
        <height>481</height>
        <onleft>9010</onleft>
        <onright>9010</onright>
        <onup>9000</onup>
        <ondown>9000</ondown>
        <pagecontrol>-</pagecontrol>
        <scrolltime>300</scrolltime>
        <itemlayout height="80" width="260">
          <control type="image">
            <left>0</left>
            <top>0</top>
            <width>260</width>
            <height>81</height>
            <texture border="5">MenuItemNF.png</texture>
          </control>
          <control type="label">
            <left>10</left>
            <top>15</top>
            <width>240</width>
            <height>25</height>
            <font>font24_title</font>
            <textcolor>grey3</textcolor>
            <align>right</align>
            <aligny>center</aligny>
            <label>$INFO[ListItem.Label]</label>
          </control>
          <control type="label">
            <left>10</left>
            <top>42</top>
            <width>240</width>
            <height>25</height>
            <font>font13</font>
            <textcolor>grey2</textcolor>
            <align>right</align>
            <aligny>center</aligny>
            <label>$INFO[ListItem.Label2]</label>
          </control>
        </itemlayout>
        <focusedlayout height="80" width="260">
          <control type="image">
            <left>0</left>
            <top>0</top>
            <width>260</width>
            <height>81</height>
            <texture border="5">MenuItemFO.png</texture>
            <animation effect="fade" start="100" end="30" time="100" condition="!Control.HasFocus(9000)">Conditional</animation>
          </control>
          <control type="label">
            <left>10</left>
            <top>15</top>
            <width>240</width>
            <height>25</height>
            <font>font24_title</font>
            <textcolor>white</textcolor>
            <align>right</align>
            <aligny>center</aligny>
            <label>$INFO[ListItem.Label]</label>
          </control>
          <control type="label">
            <left>10</left>
            <top>42</top>
            <width>240</width>
            <height>25</height>
            <font>font13</font>
            <textcolor>grey2</textcolor>
            <align>right</align>
            <aligny>center</aligny>
            <label>$INFO[ListItem.Label2]</label>
          </control>
        </focusedlayout>
        <content>
          <item id="3">
            <label>31102</label>
            <label2>31112</label2>
            <onclick>noop</onclick>
          </item>
        </content>
      </control>
      <control type="image">
        <left>268</left>
        <top>10</top>
        <width>790</width>
        <height>618</height>
        <texture border="5">black-back2.png</texture>
      </control>
      <control type="image">
        <left>268</left>
        <top>10</top>
        <width>790</width>
        <height>52</height>
        <texture>dialogheader.png</texture>
      </control>
      <control type="label">
        <description>header label</description>
        <left>300</left>
        <top>20</top>
        <width>726</width>
        <height>30</height>
        <font>font16</font>
        <label>$LOCALIZE[20077] - $INFO[Container(9000).ListItem.Label]</label>
        <align>center</align>
        <aligny>center</aligny>
        <textcolor>white</textcolor>
        <shadowcolor>black</shadowcolor>
      </control>
      <control type="group" id="9010">
        <control type="grouplist" id="9003">
          <visible>Container(9000).Hasfocus(3)</visible>
          <left>290</left>
          <top>60</top>
          <width>750</width>
          <height>530</height>
          <itemgap>-1</itemgap>
          <pagecontrol>60</pagecontrol>
          <onleft>9000</onleft>
          <onright>60</onright>
          <onup>9003</onup>
          <ondown>9003</ondown>
          <control type="label" id="300">
            <width>750</width>
            <height>45</height>
            <font>font13_title</font>
            <label>31106</label>
            <textcolor>blue</textcolor>
            <shadowcolor>black</shadowcolor>
            <align>left</align>
            <aligny>center</aligny>
          </control>
          <control type="radiobutton" id="301">
            <width>750</width>
            <height>40</height>
            <font>font13</font>
            <label>31119</label>
            <textcolor>grey2</textcolor>
            <focusedcolor>white</focusedcolor>
            <texturefocus>MenuItemFO.png</texturefocus>
            <texturenofocus>MenuItemNF.png</texturenofocus>
            <onclick>Skin.ToggleSetting(HideBackGroundFanart)</onclick>
            <selected>Skin.HasSetting(HideBackGroundFanart)</selected>
          </control>
          <control type="radiobutton" id="302">
            <width>750</width>
            <height>40</height>
            <font>font13</font>
            <label>31129</label>
            <textcolor>grey2</textcolor>
            <focusedcolor>white</focusedcolor>
            <texturefocus>MenuItemFO.png</texturefocus>
            <texturenofocus>MenuItemNF.png</texturenofocus>
            <onclick>Skin.ToggleSetting(HideVisualizationFanart)</onclick>
            <selected>Skin.HasSetting(HideVisualizationFanart)</selected>
          </control>
          <control type="radiobutton" id="303">
            <width>750</width>
            <height>40</height>
            <font>font13</font>
            <label>31124</label>
            <textcolor>grey2</textcolor>
            <focusedcolor>white</focusedcolor>
            <texturefocus>MenuItemFO.png</texturefocus>
            <texturenofocus>MenuItemNF.png</texturenofocus>
            <onclick>Skin.ToggleSetting(ShowBackgroundVideo)</onclick>
            <selected>!Skin.HasSetting(ShowBackgroundVideo)</selected>
          </control>
          <control type="radiobutton" id="304">
            <width>750</width>
            <height>40</height>
            <font>font13</font>
            <label>31125</label>
            <textcolor>grey2</textcolor>
            <focusedcolor>white</focusedcolor>
            <texturefocus>MenuItemFO.png</texturefocus>
            <texturenofocus>MenuItemNF.png</texturenofocus>
            <onclick>Skin.ToggleSetting(ShowBackgroundVis)</onclick>
            <selected>!Skin.HasSetting(ShowBackgroundVis)</selected>
          </control>
          <control type="label" id="310">
            <width>750</width>
            <height>45</height>
            <font>font13_title</font>
            <label>31102</label>
            <textcolor>blue</textcolor>
            <shadowcolor>black</shadowcolor>
            <align>left</align>
            <aligny>center</aligny>
          </control>
          <control type="radiobutton" id="311">
            <width>750</width>
            <height>40</height>
            <font>font13</font>
            <label>31109</label>
            <textcolor>grey2</textcolor>
            <focusedcolor>white</focusedcolor>
            <texturefocus>MenuItemFO.png</texturefocus>
            <texturenofocus>MenuItemNF.png</texturenofocus>
            <onclick>Skin.ToggleSetting(UseCustomBackground)</onclick>
            <selected>Skin.HasSetting(UseCustomBackground)</selected>
          </control>
          <control type="button" id="312">
            <width>750</width>
            <height>40</height>
            <font>font13</font>
            <label>- $LOCALIZE[31110]</label>
            <label2>[COLOR=selected]$INFO[Skin.String(CustomBackgroundPath)][/COLOR]</label2>
            <textcolor>grey2</textcolor>
            <focusedcolor>white</focusedcolor>
            <texturefocus>MenuItemFO.png</texturefocus>
            <texturenofocus>MenuItemNF.png</texturenofocus>
            <onclick>Skin.SetImage(CustomBackgroundPath)</onclick>
            <enable>Skin.HasSetting(UseCustomBackground)</enable>
          </control>
        </control>
        <control type="scrollbar" id="61">
          <left>1060</left>
          <top>60</top>
          <width>25</width>
          <height>530</height>
          <texturesliderbackground border="0,14,0,14">ScrollBarV.png</texturesliderbackground>
          <texturesliderbar border="0,14,0,14">ScrollBarV_bar.png</texturesliderbar>
          <texturesliderbarfocus border="0,14,0,14">ScrollBarV_bar_focus.png</texturesliderbarfocus>
          <textureslidernib>ScrollBarNib.png</textureslidernib>
          <textureslidernibfocus>ScrollBarNib.png</textureslidernibfocus>
          <onleft>9004</onleft>
          <onright>9000</onright>
          <showonepage>false</showonepage>
          <orientation>vertical</orientation>
          <visible>Container(9000).Hasfocus(4)</visible>
        </control>
      </control>
    </control>
    <include>CommonNowPlaying</include>
    <include>MainWindowMouseButtons</include>
    <include>BehindDialogFadeOut</include>
    <include>Clock</include>
  </controls>
</window>
