<?xml version="1.0" encoding="UTF-8"?>
<!-- This file contains the mappings for a Microsoft Xbox 360 Controller to actions within XBMC    -->
<!-- The drivers for Linux and Windows do not always match. Mappings for Win32 will be presented   -->
<!-- first, with Linux alts second.                                                                -->
<!-- The <global> section is a fall through - they will only be used if the button is not          -->
<!-- used in the current window's section.  Note that there is only handling                       -->
<!-- for a single action per button at this stage.                                                 -->

<!-- The format of a mapping is:                                -->
<!--    <device name="name">                                    -->
<!--      <button id="x">action</button>                        -->
<!--      <axis id="x" limit="y">action</axis>                  -->
<!--      <hat id="1" position="left">action</hat>              -->
<!--    </device>                                               -->

<!-- Note that the action can be a built-in function.           -->
<!-- eg <button id="x">ActivateWindow(Home)</button>       -->
<!-- would automatically go to Home on the press of button 'x'. -->

<!-- Joystick Name: Xbox 360 Wireless Receiver                  -->

<!-- Button Mappings in Windows:               -->
<!--                                           -->
<!-- ID              Button                    -->
<!--                                           -->
<!-- 1               A                         -->
<!-- 2               B                         -->
<!-- 3               X                         -->
<!-- 4               Y                         -->
<!-- 5               Left Sholder              -->
<!-- 6               Right Sholder             -->
<!-- 7               Back                      -->
<!-- 8               Start                     -->
<!-- 9               Left Stick Button         -->
<!-- 10              Right Stick Button        -->
<!-- 11              D-Pad Up                  -->
<!-- 12              D-Pad Down                -->
<!-- 13              D-Pad Left                -->
<!-- 14              D-Pad Right               -->
<!-- 15              Back                      -->

<!-- Linux alterations for default Xpad Driver -->
<!-- 9               Guide                     -->
<!-- 10              Left Stick Button         -->
<!-- 11              Right Stick Button        -->
<!-- 12              D-Pad Left                -->
<!-- 13              D-Pad Right               -->
<!-- 14              D-Pad Up                  -->
<!-- 15              D-Pad Down                -->
<!-- Axis 3 +1/-1    Triggers left/right (win) -->
<!-- Axis 3          Left Trigger (linux)      -->
<!-- Axis 6          Right Trigger (linux)     -->

<!-- Axis Mappings:                   -->
<!--                                  -->
<!-- ID              Button           -->
<!--                                  -->
<!-- 1               Left Stick L/R   -->
<!-- 2               Left Stick U/D   -->
<!-- 3 limit +1      Left Trigger     -->
<!-- 3 limit -1      Right Trigger    -->
<!-- 4               Right Stick L/R  -->
<!-- 5               Right Stick U/D  -->

<!-- Hat Mappings for some drivers:   -->
<!--                                  -->
<!-- ID  Position    Button           -->
<!--                                  -->
<!-- 1   up          D-Pad Up         -->
<!-- 1   down        D-Pad Down       -->
<!-- 1   left        D-Pad Left       -->
<!-- 1   right       D-Pad Right      -->



<keymap>
  <global>
    <joystick name="Controller (XBOX 360 For Windows)">
      <altname>Afterglow Gamepad for Xbox 360 (Controller)</altname>
      <altname>Controller (Gamepad F310)</altname>
      <altname>Controller (Gamepad for Xbox 360)</altname>
      <altname>Controller (Rumble Gamepad F510)</altname>
      <altname>Controller (Wireless Gamepad F710)</altname>
      <altname>Controller (Xbox 360 Wireless Receiver for Windows)</altname>
      <altname>Controller (Xbox wireless receiver for windows)</altname>
      <altname>Controller (XBOX360 GAMEPAD)</altname>
      <altname>Controller (Batarang wired controller (XBOX))</altname>
      <altname>Wireless Gamepad F710 (Controller)</altname>
      <altname>XBOX 360 For Windows</altname>
      <altname>XBOX 360 For Windows (Controller)</altname>
      <altname>Xbox 360 Wireless Controller</altname>
      <altname>Xbox Receiver for Windows (Wireless Controller)</altname>
      <altname>Xbox wireless receiver for windows (Controller)</altname>
      <altname>Gamepad F310 (Controller)</altname>
      <altname>Razer Sabertooth Elite (Controller)</altname>
      <altname>Controller (XBOX One For Windows)</altname>
      <!-- A selects. B goes back. X gets context menu. Y goes fullscreen and back. -->
      <button id="1">Select</button>
      <button id="2">Back</button>
      <button id="3">ContextMenu</button>
      <button id="4">FullScreen</button>
      <!--Left Shoulder Queues videos. Right shoulder displays the current queue. -->
      <button id="5">Queue</button>
      <button id="6">Playlist</button>
      <button id="7">PreviousMenu</button>
      <button id="8">ActivateWindow(Home)</button>
      <!-- Left stick click activates the shutdown menu. -->

      <button id="10">ActivateWindow(PlayerControls)</button>
      <button id="11">Up</button>
      <button id="12">Down</button>
      <button id="13">Left</button>
      <button id="14">Right</button>
      <button id="0">ActivateWindow(ShutdownMenu)</button>
      <!-- Push up on the right stick for volueme up. Push down for volume down. -->
      <axis id="5" limit="-1">VolumeUp</axis>
      <axis id="5" limit="+1">VolumeDown</axis>
      <axis id="4" limit="-1">VolumeDown</axis>
      <axis id="4" limit="+1">VolumeUp</axis>
      <hat id="1" position="up">Up</hat>
      <hat id="1" position="down">Down</hat>
      <hat id="1" position="left">Left</hat>
      <hat id="1" position="right">Right</hat>
    </joystick>
    <joystick name="Microsoft X-Box 360 pad">
      <altname>BigBen Interactive XBOX 360 Controller</altname>
      <altname>Generic X-Box pad</altname>
      <altname>Logitech Chillstream Controller</altname>
      <altname>Mad Catz Wired Xbox 360 Controller</altname>
      <altname>Mad Catz Wired Xbox 360 Controller (SFIV)</altname>
      <altname>Pelican 'TSZ' Wired Xbox 360 Controller</altname>
      <altname>Pelican PL-3601 'TSZ' Wired Xbox 360 Controller</altname>
      <altname>Xbox 360 Wireless Receiver</altname>
      <altname>Xbox 360 Wireless Receiver (XBOX)</altname>
      <altname>Razer Sabertooth</altname>
      <button id="1">Select</button>
      <button id="2">Back</button>
      <button id="3">ContextMenu</button>
      <button id="4">FullScreen</button>
      <button id="5">Queue</button>
      <button id="6">Playlist</button>
      <button id="7">PreviousMenu</button>
      <button id="8">ActivateWindow(Home)</button>
      <button id="9">ActivateWindow(Home)</button>
      <button id="10">ActivateWindow(ShutdownMenu)</button>
      <button id="11">ActivateWindow(PlayerControls)</button>
      <button id="12">Left</button>
      <button id="13">Right</button>
      <button id="14">Up</button>
      <button id="15">Down</button>
      <axis id="1" limit="-1">AnalogSeekBack</axis>
      <axis id="1" limit="+1">AnalogSeekForward</axis>
      <axis id="2" limit="-1">AnalogSeekForward</axis>
      <axis id="2" limit="+1">AnalogSeekBack</axis>
      <axis id="3" trigger="true" rest="-32768">ScrollUp</axis>
      <axis id="4" limit="-1">VolumeDown</axis>
      <axis id="4" limit="+1">VolumeUp</axis>
      <axis id="5" limit="-1">VolumeUp</axis>
      <axis id="5" limit="+1">VolumeDown</axis>
      <axis id="6" trigger="true" rest="-32768">ScrollDown</axis>
      <hat id="1" position="up">Up</hat>
      <hat id="1" position="down">Down</hat>
      <hat id="1" position="left">Left</hat>
      <hat id="1" position="right">Right</hat>
    </joystick>
  </global>
  <Home>
    <joystick name="Controller (XBOX 360 For Windows)">
      <altname>Afterglow Gamepad for Xbox 360 (Controller)</altname>
      <altname>Controller (Gamepad F310)</altname>
      <altname>Controller (Gamepad for Xbox 360)</altname>
      <altname>Controller (Rumble Gamepad F510)</altname>
      <altname>Controller (Wireless Gamepad F710)</altname>
      <altname>Controller (Xbox 360 Wireless Receiver for Windows)</altname>
      <altname>Controller (Xbox wireless receiver for windows)</altname>
      <altname>Controller (XBOX360 GAMEPAD)</altname>
      <altname>Controller (Batarang wired controller (XBOX))</altname>
      <altname>Wireless Gamepad F710 (Controller)</altname>
      <altname>XBOX 360 For Windows</altname>
      <altname>XBOX 360 For Windows (Controller)</altname>
      <altname>Xbox 360 Wireless Controller</altname>
      <altname>Xbox Receiver for Windows (Wireless Controller)</altname>
      <altname>Xbox wireless receiver for windows (Controller)</altname>
      <altname>Gamepad F310 (Controller)</altname>
      <altname>Razer Sabertooth Elite (Controller)</altname>
      <altname>Controller (XBOX One For Windows)</altname>
      <button id="8">Skin.ToggleSetting(HomeViewToggle)</button>
    </joystick>
    <joystick name="Microsoft X-Box 360 pad">
      <altname>BigBen Interactive XBOX 360 Controller</altname>
      <altname>Generic X-Box pad</altname>
      <altname>Logitech Chillstream Controller</altname>
      <altname>Mad Catz Wired Xbox 360 Controller</altname>
      <altname>Mad Catz Wired Xbox 360 Controller (SFIV)</altname>
      <altname>Pelican 'TSZ' Wired Xbox 360 Controller</altname>
      <altname>Pelican PL-3601 'TSZ' Wired Xbox 360 Controller</altname>
      <altname>Xbox 360 Wireless Receiver</altname>
      <altname>Xbox 360 Wireless Receiver (XBOX)</altname>
      <altname>Razer Sabertooth</altname>
      <button id="8">Skin.ToggleSetting(HomeViewToggle)</button>
    </joystick>
  </Home>
  <MyFiles>
    <joystick name="Controller (XBOX 360 For Windows)">
      <altname>Afterglow Gamepad for Xbox 360 (Controller)</altname>
      <altname>Controller (Gamepad F310)</altname>
      <altname>Controller (Gamepad for Xbox 360)</altname>
      <altname>Controller (Rumble Gamepad F510)</altname>
      <altname>Controller (Wireless Gamepad F710)</altname>
      <altname>Controller (Xbox 360 Wireless Receiver for Windows)</altname>
      <altname>Controller (Xbox wireless receiver for windows)</altname>
      <altname>Controller (XBOX360 GAMEPAD)</altname>
      <altname>Controller (Batarang wired controller (XBOX))</altname>
      <altname>Wireless Gamepad F710 (Controller)</altname>
      <altname>XBOX 360 For Windows</altname>
      <altname>XBOX 360 For Windows (Controller)</altname>
      <altname>Xbox 360 Wireless Controller</altname>
      <altname>Xbox Receiver for Windows (Wireless Controller)</altname>
      <altname>Xbox wireless receiver for windows (Controller)</altname>
      <altname>Gamepad F310 (Controller)</altname>
      <altname>Razer Sabertooth Elite (Controller)</altname>
      <altname>Controller (XBOX One For Windows)</altname>
      <button id="6">Highlight</button>
    </joystick>
    <joystick name="Microsoft X-Box 360 pad">
      <altname>BigBen Interactive XBOX 360 Controller</altname>
      <altname>Generic X-Box pad</altname>
      <altname>Logitech Chillstream Controller</altname>
      <altname>Mad Catz Wired Xbox 360 Controller</altname>
      <altname>Mad Catz Wired Xbox 360 Controller (SFIV)</altname>
      <altname>Pelican 'TSZ' Wired Xbox 360 Controller</altname>
      <altname>Pelican PL-3601 'TSZ' Wired Xbox 360 Controller</altname>
      <altname>Xbox 360 Wireless Receiver</altname>
      <altname>Xbox 360 Wireless Receiver (XBOX)</altname>
      <altname>Razer Sabertooth</altname>
      <button id="6">Highlight</button>
    </joystick>
  </MyFiles>
  <MyMusicPlaylist>
    <joystick name="Controller (XBOX 360 For Windows)">
      <altname>Afterglow Gamepad for Xbox 360 (Controller)</altname>
      <altname>Controller (Gamepad F310)</altname>
      <altname>Controller (Gamepad for Xbox 360)</altname>
      <altname>Controller (Rumble Gamepad F510)</altname>
      <altname>Controller (Wireless Gamepad F710)</altname>
      <altname>Controller (Xbox 360 Wireless Receiver for Windows)</altname>
      <altname>Controller (Xbox wireless receiver for windows)</altname>
      <altname>Controller (XBOX360 GAMEPAD)</altname>
      <altname>Controller (Batarang wired controller (XBOX))</altname>
      <altname>Wireless Gamepad F710 (Controller)</altname>
      <altname>XBOX 360 For Windows</altname>
      <altname>XBOX 360 For Windows (Controller)</altname>
      <altname>Xbox 360 Wireless Controller</altname>
      <altname>Xbox Receiver for Windows (Wireless Controller)</altname>
      <altname>Xbox wireless receiver for windows (Controller)</altname>
      <altname>Gamepad F310 (Controller)</altname>
      <altname>Razer Sabertooth Elite (Controller)</altname>
      <altname>Controller (XBOX One For Windows)</altname>
      <button id="5">Delete</button>
    </joystick>
    <joystick name="Microsoft X-Box 360 pad">
      <altname>BigBen Interactive XBOX 360 Controller</altname>
      <altname>Generic X-Box pad</altname>
      <altname>Logitech Chillstream Controller</altname>
      <altname>Mad Catz Wired Xbox 360 Controller</altname>
      <altname>Mad Catz Wired Xbox 360 Controller (SFIV)</altname>
      <altname>Pelican 'TSZ' Wired Xbox 360 Controller</altname>
      <altname>Pelican PL-3601 'TSZ' Wired Xbox 360 Controller</altname>
      <altname>Xbox 360 Wireless Receiver</altname>
      <altname>Xbox 360 Wireless Receiver (XBOX)</altname>
      <altname>Razer Sabertooth</altname>
      <button id="5">Delete</button>
    </joystick>
  </MyMusicPlaylist>
  <MyMusicFiles>
  </MyMusicFiles>
  <MyMusicLibrary>
  </MyMusicLibrary>
  <FullscreenVideo>
    <joystick name="Controller (XBOX 360 For Windows)">
      <altname>Afterglow Gamepad for Xbox 360 (Controller)</altname>
      <altname>Controller (Gamepad F310)</altname>
      <altname>Controller (Gamepad for Xbox 360)</altname>
      <altname>Controller (Rumble Gamepad F510)</altname>
      <altname>Controller (Wireless Gamepad F710)</altname>
      <altname>Controller (Xbox 360 Wireless Receiver for Windows)</altname>
      <altname>Controller (Xbox wireless receiver for windows)</altname>
      <altname>Controller (XBOX360 GAMEPAD)</altname>
      <altname>Controller (Batarang wired controller (XBOX))</altname>
      <altname>Wireless Gamepad F710 (Controller)</altname>
      <altname>XBOX 360 For Windows</altname>
      <altname>XBOX 360 For Windows (Controller)</altname>
      <altname>Xbox 360 Wireless Controller</altname>
      <altname>Xbox Receiver for Windows (Wireless Controller)</altname>
      <altname>Xbox wireless receiver for windows (Controller)</altname>
      <altname>Gamepad F310 (Controller)</altname>
      <altname>Razer Sabertooth Elite (Controller)</altname>
      <altname>Controller (XBOX One For Windows)</altname>
      <!--
            A pauses and starts the video.
            B stops the video.
            X opens the onscreen display.
            Y switches in and out of full screen
            -->
      <button id="1">Pause</button>
      <button id="2">Stop</button>
      <button id="3">OSD</button>
      <button id="4">Fullscreen</button>
      <!--
            Left shoulder changes aspect ratio.
            Right shoulder changes subtitles.
            Right stick changes Audio Language.
            Start button displays info.
            -->
      <button id="5">AspectRatio</button>
      <button id="6">ShowSubtitles</button>
      <button id="7">SmallStepBack</button>
      <button id="8">Info</button>
      <button id="10">AudioNextLanguage</button>
      <button id="11">ChapterOrBigStepForward</button>
      <button id="12">ChapterOrBigStepBack</button>
      <button id="13">StepBack</button>
      <button id="14">StepForward</button>
      <!-- D-pad does what you'd expect. Triggers fast forward and rewind. Left stick scans forward and back. -->
      <axis id="3" limit="+1">AnalogRewind</axis>
      <axis id="3" limit="-1">AnalogFastForward</axis>
      <hat id="1" position="up">ChapterOrBigStepForward</hat>
      <hat id="1" position="down">ChapterOrBigStepBack</hat>
      <hat id="1" position="left">StepBack</hat>
      <hat id="1" position="right">StepForward</hat>
    </joystick>
    <joystick name="Microsoft X-Box 360 pad">
      <altname>BigBen Interactive XBOX 360 Controller</altname>
      <altname>Generic X-Box pad</altname>
      <altname>Logitech Chillstream Controller</altname>
      <altname>Mad Catz Wired Xbox 360 Controller</altname>
      <altname>Mad Catz Wired Xbox 360 Controller (SFIV)</altname>
      <altname>Pelican 'TSZ' Wired Xbox 360 Controller</altname>
      <altname>Pelican PL-3601 'TSZ' Wired Xbox 360 Controller</altname>
      <altname>Xbox 360 Wireless Receiver</altname>
      <altname>Xbox 360 Wireless Receiver (XBOX)</altname>
      <altname>Razer Sabertooth</altname>
      <button id="1">Pause</button>
      <button id="2">Stop</button>
      <button id="3">OSD</button>
      <button id="5">AspectRatio</button>
      <button id="6">ShowSubtitles</button>
      <button id="7">SmallStepBack</button>
      <button id="8">Info</button>
      <button id="9">ActivateWindow(Home)</button>  <!-- guide -->
      <button id="10">ActivateWindow(ShutdownMenu)</button>  <!-- left stick -->
      <button id="11">AudioNextLanguage</button>  <!-- right stick -->
      <button id="12">StepBack</button>
      <button id="13">StepForward</button>
      <button id="14">ChapterOrBigStepForward</button>
      <button id="15">ChapterOrBigStepBack</button>
      <axis id="3">AnalogRewind</axis>
      <axis id="6">AnalogFastForward</axis>
      <hat id="1" position="up">ChapterOrBigStepForward</hat>
      <hat id="1" position="down">ChapterOrBigStepBack</hat>
      <hat id="1" position="left">StepBack</hat>
      <hat id="1" position="right">StepForward</hat>
    </joystick>
  </FullscreenVideo>
  <FullscreenLiveTV>
    <joystick name="Controller (XBOX 360 For Windows)">
      <altname>Afterglow Gamepad for Xbox 360 (Controller)</altname>
      <altname>Controller (Gamepad F310)</altname>
      <altname>Controller (Gamepad for Xbox 360)</altname>
      <altname>Controller (Rumble Gamepad F510)</altname>
      <altname>Controller (Wireless Gamepad F710)</altname>
      <altname>Controller (Xbox 360 Wireless Receiver for Windows)</altname>
      <altname>Controller (Xbox wireless receiver for windows)</altname>
      <altname>Controller (XBOX360 GAMEPAD)</altname>
      <altname>Controller (Batarang wired controller (XBOX))</altname>
      <altname>Wireless Gamepad F710 (Controller)</altname>
      <altname>XBOX 360 For Windows</altname>
      <altname>XBOX 360 For Windows (Controller)</altname>
      <altname>Xbox 360 Wireless Controller</altname>
      <altname>Xbox Receiver for Windows (Wireless Controller)</altname>
      <altname>Xbox wireless receiver for windows (Controller)</altname>
      <altname>Gamepad F310 (Controller)</altname>
      <altname>Razer Sabertooth Elite (Controller)</altname>
      <altname>Controller (XBOX One For Windows)</altname>
      <button id="11">ChannelUp</button>
      <button id="12">ChannelDown</button>
      <button id="13">PreviousChannelGroup</button>
      <button id="14">NextChannelGroup</button>
      <hat id="1" position="up">ChannelUp</hat>
      <hat id="1" position="down">ChannelDown</hat>
      <hat id="1" position="left">PreviousChannelGroup</hat>
      <hat id="1" position="right">NextChannelGroup</hat>
    </joystick>
    <joystick name="Microsoft X-Box 360 pad">
      <altname>BigBen Interactive XBOX 360 Controller</altname>
      <altname>Generic X-Box pad</altname>
      <altname>Logitech Chillstream Controller</altname>
      <altname>Mad Catz Wired Xbox 360 Controller</altname>
      <altname>Mad Catz Wired Xbox 360 Controller (SFIV)</altname>
      <altname>Pelican 'TSZ' Wired Xbox 360 Controller</altname>
      <altname>Pelican PL-3601 'TSZ' Wired Xbox 360 Controller</altname>
      <altname>Xbox 360 Wireless Receiver</altname>
      <altname>Xbox 360 Wireless Receiver (XBOX)</altname>
      <altname>Razer Sabertooth</altname>
      <button id="12">PreviousChannelGroup</button>
      <button id="13">NextChannelGroup</button>
      <button id="14">ChannelUp</button>
      <button id="15">ChannelDown</button>
      <hat id="1" position="up">ChannelUp</hat>
      <hat id="1" position="down">ChannelDown</hat>
      <hat id="1" position="left">PreviousChannelGroup</hat>
      <hat id="1" position="right">NextChannelGroup</hat>
    </joystick>
  </FullscreenLiveTV>
  <FullscreenRadio>
    <joystick name="Controller (XBOX 360 For Windows)">
      <altname>Afterglow Gamepad for Xbox 360 (Controller)</altname>
      <altname>Controller (Gamepad F310)</altname>
      <altname>Controller (Gamepad for Xbox 360)</altname>
      <altname>Controller (Rumble Gamepad F510)</altname>
      <altname>Controller (Wireless Gamepad F710)</altname>
      <altname>Controller (Xbox 360 Wireless Receiver for Windows)</altname>
      <altname>Controller (Xbox wireless receiver for windows)</altname>
      <altname>Controller (XBOX360 GAMEPAD)</altname>
      <altname>Controller (Batarang wired controller (XBOX))</altname>
      <altname>Wireless Gamepad F710 (Controller)</altname>
      <altname>XBOX 360 For Windows</altname>
      <altname>XBOX 360 For Windows (Controller)</altname>
      <altname>Xbox 360 Wireless Controller</altname>
      <altname>Xbox Receiver for Windows (Wireless Controller)</altname>
      <altname>Xbox wireless receiver for windows (Controller)</altname>
      <altname>Gamepad F310 (Controller)</altname>
      <altname>Razer Sabertooth Elite (Controller)</altname>
      <altname>Controller (XBOX One For Windows)</altname>
      <button id="11">ChannelUp</button>
      <button id="12">ChannelDown</button>
      <button id="13">PreviousChannelGroup</button>
      <button id="14">NextChannelGroup</button>
      <hat id="1" position="up">ChannelUp</hat>
      <hat id="1" position="down">ChannelDown</hat>
      <hat id="1" position="left">PreviousChannelGroup</hat>
      <hat id="1" position="right">NextChannelGroup</hat>
    </joystick>
    <joystick name="Microsoft X-Box 360 pad">
      <altname>BigBen Interactive XBOX 360 Controller</altname>
      <altname>Generic X-Box pad</altname>
      <altname>Logitech Chillstream Controller</altname>
      <altname>Mad Catz Wired Xbox 360 Controller</altname>
      <altname>Mad Catz Wired Xbox 360 Controller (SFIV)</altname>
      <altname>Pelican 'TSZ' Wired Xbox 360 Controller</altname>
      <altname>Pelican PL-3601 'TSZ' Wired Xbox 360 Controller</altname>
      <altname>Xbox 360 Wireless Receiver</altname>
      <altname>Xbox 360 Wireless Receiver (XBOX)</altname>
      <button id="12">PreviousChannelGroup</button>
      <button id="13">NextChannelGroup</button>
      <button id="14">ChannelUp</button>
      <button id="15">ChannelDown</button>
      <hat id="1" position="up">ChannelUp</hat>
      <hat id="1" position="down">ChannelDown</hat>
      <hat id="1" position="left">PreviousChannelGroup</hat>
      <hat id="1" position="right">NextChannelGroup</hat>
    </joystick>
  </FullscreenRadio>
  <FullscreenInfo>
    <joystick name="Controller (XBOX 360 For Windows)">
      <altname>Afterglow Gamepad for Xbox 360 (Controller)</altname>
      <altname>Controller (Gamepad F310)</altname>
      <altname>Controller (Gamepad for Xbox 360)</altname>
      <altname>Controller (Rumble Gamepad F510)</altname>
      <altname>Controller (Wireless Gamepad F710)</altname>
      <altname>Controller (Xbox 360 Wireless Receiver for Windows)</altname>
      <altname>Controller (Xbox wireless receiver for windows)</altname>
      <altname>Controller (XBOX360 GAMEPAD)</altname>
      <altname>Controller (Batarang wired controller (XBOX))</altname>
      <altname>Wireless Gamepad F710 (Controller)</altname>
      <altname>XBOX 360 For Windows</altname>
      <altname>XBOX 360 For Windows (Controller)</altname>
      <altname>Xbox 360 Wireless Controller</altname>
      <altname>Xbox Receiver for Windows (Wireless Controller)</altname>
      <altname>Xbox wireless receiver for windows (Controller)</altname>
      <altname>Gamepad F310 (Controller)</altname>
      <altname>Razer Sabertooth Elite (Controller)</altname>
      <altname>Controller (XBOX One For Windows)</altname>
      <button id="2">Close</button>
      <button id="3">OSD</button>
      <button id="8">Close</button>
      <axis id="3" limit="+1">AnalogRewind</axis>
      <axis id="3" limit="-1">AnalogFastForward</axis>
    </joystick>
    <joystick name="Microsoft X-Box 360 pad">
      <altname>BigBen Interactive XBOX 360 Controller</altname>
      <altname>Generic X-Box pad</altname>
      <altname>Logitech Chillstream Controller</altname>
      <altname>Mad Catz Wired Xbox 360 Controller</altname>
      <altname>Mad Catz Wired Xbox 360 Controller (SFIV)</altname>
      <altname>Pelican 'TSZ' Wired Xbox 360 Controller</altname>
      <altname>Pelican PL-3601 'TSZ' Wired Xbox 360 Controller</altname>
      <altname>Xbox 360 Wireless Receiver</altname>
      <altname>Xbox 360 Wireless Receiver (XBOX)</altname>
      <altname>Razer Sabertooth</altname>
      <button id="2">Close</button>
      <button id="3">OSD</button>
      <button id="8">Close</button>
      <axis id="3">AnalogRewind</axis>
      <axis id="6">AnalogFastForward</axis>
    </joystick>
  </FullscreenInfo>
  <PlayerControls>
    <joystick name="Controller (XBOX 360 For Windows)">
      <altname>Afterglow Gamepad for Xbox 360 (Controller)</altname>
      <altname>Controller (Gamepad F310)</altname>
      <altname>Controller (Gamepad for Xbox 360)</altname>
      <altname>Controller (Rumble Gamepad F510)</altname>
      <altname>Controller (Wireless Gamepad F710)</altname>
      <altname>Controller (Xbox 360 Wireless Receiver for Windows)</altname>
      <altname>Controller (Xbox wireless receiver for windows)</altname>
      <altname>Controller (XBOX360 GAMEPAD)</altname>
      <altname>Controller (Batarang wired controller (XBOX))</altname>
      <altname>Wireless Gamepad F710 (Controller)</altname>
      <altname>XBOX 360 For Windows</altname>
      <altname>XBOX 360 For Windows (Controller)</altname>
      <altname>Xbox 360 Wireless Controller</altname>
      <altname>Xbox Receiver for Windows (Wireless Controller)</altname>
      <altname>Xbox wireless receiver for windows (Controller)</altname>
      <altname>Gamepad F310 (Controller)</altname>
      <altname>Razer Sabertooth Elite (Controller)</altname>
      <altname>Controller (XBOX One For Windows)</altname>
      <!--
            A pauses and starts the video.
            B stops the video.
            X opens the onscreen display.
            Y switches in and out of full screen
            -->
      <button id="1">Pause</button>
      <button id="2">Stop</button>
      <button id="3">OSD</button>
      <button id="4">Fullscreen</button>
      <button id="7">Close</button>
    </joystick>
    <joystick name="Microsoft X-Box 360 pad">
      <altname>BigBen Interactive XBOX 360 Controller</altname>
      <altname>Generic X-Box pad</altname>
      <altname>Logitech Chillstream Controller</altname>
      <altname>Mad Catz Wired Xbox 360 Controller</altname>
      <altname>Mad Catz Wired Xbox 360 Controller (SFIV)</altname>
      <altname>Pelican 'TSZ' Wired Xbox 360 Controller</altname>
      <altname>Pelican PL-3601 'TSZ' Wired Xbox 360 Controller</altname>
      <altname>Xbox 360 Wireless Receiver</altname>
      <altname>Xbox 360 Wireless Receiver (XBOX)</altname>
      <altname>Razer Sabertooth</altname>
      <!--
            A pauses and starts the video.
            B stops the video.
            X opens the onscreen display.
            Y switches in and out of full screen
            -->
      <button id="1">Pause</button>
      <button id="2">Stop</button>
      <button id="3">OSD</button>
      <button id="4">Fullscreen</button>
      <button id="7">Close</button>
    </joystick>
  </PlayerControls>
  <Visualisation>
    <joystick name="Controller (XBOX 360 For Windows)">
      <altname>Afterglow Gamepad for Xbox 360 (Controller)</altname>
      <altname>Controller (Gamepad F310)</altname>
      <altname>Controller (Gamepad for Xbox 360)</altname>
      <altname>Controller (Rumble Gamepad F510)</altname>
      <altname>Controller (Wireless Gamepad F710)</altname>
      <altname>Controller (Xbox 360 Wireless Receiver for Windows)</altname>
      <altname>Controller (Xbox wireless receiver for windows)</altname>
      <altname>Controller (XBOX360 GAMEPAD)</altname>
      <altname>Controller (Batarang wired controller (XBOX))</altname>
      <altname>Wireless Gamepad F710 (Controller)</altname>
      <altname>XBOX 360 For Windows</altname>
      <altname>XBOX 360 For Windows (Controller)</altname>
      <altname>Xbox 360 Wireless Controller</altname>
      <altname>Xbox Receiver for Windows (Wireless Controller)</altname>
      <altname>Xbox wireless receiver for windows (Controller)</altname>
      <altname>Gamepad F310 (Controller)</altname>
      <altname>Razer Sabertooth Elite (Controller)</altname>
      <altname>Controller (XBOX One For Windows)</altname>
      <button id="1">Pause</button>
      <button id="2">Stop</button>
      <button id="3">ActivateWindow(MusicOSD)</button>
      <button id="5">ActivateWindow(VisualisationPresetList)</button>
      <button id="6">Info</button>
      <button id="10">ActivateWindow(MusicOSD)</button>
      <button id="11">SkipNext</button>
      <button id="12">SkipPrevious</button>
      <button id="13">PreviousPreset</button>
      <button id="14">NextPreset</button>
      <axis id="3" limit="+1">AnalogRewind</axis>
      <axis id="3" limit="-1">AnalogFastForward</axis>
      <hat id="1" position="up">SkipNext</hat>
      <hat id="1" position="down">SkipPrevious</hat>
      <hat id="1" position="left">PreviousPreset</hat>
      <hat id="1" position="right">NextPreset</hat>
    </joystick>
    <joystick name="Microsoft X-Box 360 pad">
      <altname>BigBen Interactive XBOX 360 Controller</altname>
      <altname>Generic X-Box pad</altname>
      <altname>Logitech Chillstream Controller</altname>
      <altname>Mad Catz Wired Xbox 360 Controller</altname>
      <altname>Mad Catz Wired Xbox 360 Controller (SFIV)</altname>
      <altname>Pelican 'TSZ' Wired Xbox 360 Controller</altname>
      <altname>Pelican PL-3601 'TSZ' Wired Xbox 360 Controller</altname>
      <altname>Xbox 360 Wireless Receiver</altname>
      <altname>Xbox 360 Wireless Receiver (XBOX)</altname>
      <altname>Razer Sabertooth</altname>
      <button id="1">Pause</button>
      <button id="2">Stop</button>
      <button id="3">ActivateWindow(MusicOSD)</button>
      <button id="5">ActivateWindow(VisualisationPresetList)</button>
      <button id="6">Info</button>
      <button id="11">ActivateWindow(MusicOSD)</button>
      <button id="12">PreviousPreset</button>
      <button id="13">NextPreset</button>
      <button id="14">SkipPrevious</button>
      <button id="15">SkipNext</button>
      <axis id="3">AnalogRewind</axis>
      <axis id="6">AnalogFastForward</axis>
      <hat id="1" position="up">SkipNext</hat>
      <hat id="1" position="down">SkipPrevious</hat>
      <hat id="1" position="left">PreviousPreset</hat>
      <hat id="1" position="right">NextPreset</hat>
    </joystick>
  </Visualisation>
  <MusicOSD>
    <joystick name="Controller (XBOX 360 For Windows)">
      <altname>Afterglow Gamepad for Xbox 360 (Controller)</altname>
      <altname>Controller (Gamepad F310)</altname>
      <altname>Controller (Gamepad for Xbox 360)</altname>
      <altname>Controller (Rumble Gamepad F510)</altname>
      <altname>Controller (Wireless Gamepad F710)</altname>
      <altname>Controller (Xbox 360 Wireless Receiver for Windows)</altname>
      <altname>Controller (Xbox wireless receiver for windows)</altname>
      <altname>Controller (XBOX360 GAMEPAD)</altname>
      <altname>Controller (Batarang wired controller (XBOX))</altname>
      <altname>Wireless Gamepad F710 (Controller)</altname>
      <altname>XBOX 360 For Windows</altname>
      <altname>XBOX 360 For Windows (Controller)</altname>
      <altname>Xbox 360 Wireless Controller</altname>
      <altname>Xbox Receiver for Windows (Wireless Controller)</altname>
      <altname>Xbox wireless receiver for windows (Controller)</altname>
      <altname>Gamepad F310 (Controller)</altname>
      <altname>Razer Sabertooth Elite (Controller)</altname>
      <altname>Controller (XBOX One For Windows)</altname>
      <button id="3">Close</button>
      <button id="6">Info</button>
    </joystick>
    <joystick name="Microsoft X-Box 360 pad">
      <altname>BigBen Interactive XBOX 360 Controller</altname>
      <altname>Generic X-Box pad</altname>
      <altname>Logitech Chillstream Controller</altname>
      <altname>Mad Catz Wired Xbox 360 Controller</altname>
      <altname>Mad Catz Wired Xbox 360 Controller (SFIV)</altname>
      <altname>Pelican 'TSZ' Wired Xbox 360 Controller</altname>
      <altname>Pelican PL-3601 'TSZ' Wired Xbox 360 Controller</altname>
      <altname>Xbox 360 Wireless Receiver</altname>
      <altname>Xbox 360 Wireless Receiver (XBOX)</altname>
      <altname>Razer Sabertooth</altname>
      <button id="3">Close</button>
      <button id="6">Info</button>
    </joystick>
  </MusicOSD>
  <VisualisationSettings>
    <joystick name="Controller (XBOX 360 For Windows)">
      <altname>Afterglow Gamepad for Xbox 360 (Controller)</altname>
      <altname>Controller (Gamepad F310)</altname>
      <altname>Controller (Gamepad for Xbox 360)</altname>
      <altname>Controller (Rumble Gamepad F510)</altname>
      <altname>Controller (Wireless Gamepad F710)</altname>
      <altname>Controller (Xbox 360 Wireless Receiver for Windows)</altname>
      <altname>Controller (Xbox wireless receiver for windows)</altname>
      <altname>Controller (XBOX360 GAMEPAD)</altname>
      <altname>Controller (Batarang wired controller (XBOX))</altname>
      <altname>Wireless Gamepad F710 (Controller)</altname>
      <altname>XBOX 360 For Windows</altname>
      <altname>XBOX 360 For Windows (Controller)</altname>
      <altname>Xbox 360 Wireless Controller</altname>
      <altname>Xbox Receiver for Windows (Wireless Controller)</altname>
      <altname>Xbox wireless receiver for windows (Controller)</altname>
      <altname>Gamepad F310 (Controller)</altname>
      <altname>Razer Sabertooth Elite (Controller)</altname>
      <altname>Controller (XBOX One For Windows)</altname>
      <button id="2">Close</button>
    </joystick>
    <joystick name="Microsoft X-Box 360 pad">
      <altname>BigBen Interactive XBOX 360 Controller</altname>
      <altname>Generic X-Box pad</altname>
      <altname>Logitech Chillstream Controller</altname>
      <altname>Mad Catz Wired Xbox 360 Controller</altname>
      <altname>Mad Catz Wired Xbox 360 Controller (SFIV)</altname>
      <altname>Pelican 'TSZ' Wired Xbox 360 Controller</altname>
      <altname>Pelican PL-3601 'TSZ' Wired Xbox 360 Controller</altname>
      <altname>Xbox 360 Wireless Receiver</altname>
      <altname>Xbox 360 Wireless Receiver (XBOX)</altname>
      <altname>Razer Sabertooth</altname>
      <button id="2">Close</button>
    </joystick>
  </VisualisationSettings>
  <VisualisationPresetList>
    <joystick name="Controller (XBOX 360 For Windows)">
      <altname>Afterglow Gamepad for Xbox 360 (Controller)</altname>
      <altname>Controller (Gamepad F310)</altname>
      <altname>Controller (Gamepad for Xbox 360)</altname>
      <altname>Controller (Rumble Gamepad F510)</altname>
      <altname>Controller (Wireless Gamepad F710)</altname>
      <altname>Controller (Xbox 360 Wireless Receiver for Windows)</altname>
      <altname>Controller (Xbox wireless receiver for windows)</altname>
      <altname>Controller (XBOX360 GAMEPAD)</altname>
      <altname>Controller (Batarang wired controller (XBOX))</altname>
      <altname>Wireless Gamepad F710 (Controller)</altname>
      <altname>XBOX 360 For Windows</altname>
      <altname>XBOX 360 For Windows (Controller)</altname>
      <altname>Xbox 360 Wireless Controller</altname>
      <altname>Xbox Receiver for Windows (Wireless Controller)</altname>
      <altname>Xbox wireless receiver for windows (Controller)</altname>
      <altname>Gamepad F310 (Controller)</altname>
      <altname>Razer Sabertooth Elite (Controller)</altname>
      <altname>Controller (XBOX One For Windows)</altname>
      <button id="2">Close</button>
    </joystick>
    <joystick name="Microsoft X-Box 360 pad">
      <altname>BigBen Interactive XBOX 360 Controller</altname>
      <altname>Generic X-Box pad</altname>
      <altname>Logitech Chillstream Controller</altname>
      <altname>Mad Catz Wired Xbox 360 Controller</altname>
      <altname>Mad Catz Wired Xbox 360 Controller (SFIV)</altname>
      <altname>Pelican 'TSZ' Wired Xbox 360 Controller</altname>
      <altname>Pelican PL-3601 'TSZ' Wired Xbox 360 Controller</altname>
      <altname>Xbox 360 Wireless Receiver</altname>
      <altname>Xbox 360 Wireless Receiver (XBOX)</altname>
      <altname>Razer Sabertooth</altname>
      <button id="2">Close</button>
    </joystick>
  </VisualisationPresetList>
  <SlideShow>
    <joystick name="Controller (XBOX 360 For Windows)">
      <altname>Afterglow Gamepad for Xbox 360 (Controller)</altname>
      <altname>Controller (Gamepad F310)</altname>
      <altname>Controller (Gamepad for Xbox 360)</altname>
      <altname>Controller (Rumble Gamepad F510)</altname>
      <altname>Controller (Wireless Gamepad F710)</altname>
      <altname>Controller (Xbox 360 Wireless Receiver for Windows)</altname>
      <altname>Controller (Xbox wireless receiver for windows)</altname>
      <altname>Controller (XBOX360 GAMEPAD)</altname>
      <altname>Controller (Batarang wired controller (XBOX))</altname>
      <altname>Wireless Gamepad F710 (Controller)</altname>
      <altname>XBOX 360 For Windows</altname>
      <altname>XBOX 360 For Windows (Controller)</altname>
      <altname>Xbox 360 Wireless Controller</altname>
      <altname>Xbox Receiver for Windows (Wireless Controller)</altname>
      <altname>Xbox wireless receiver for windows (Controller)</altname>
      <altname>Gamepad F310 (Controller)</altname>
	  <altname>Razer Sabertooth Elite (Controller)</altname>
      <altname>Controller (XBOX One For Windows)</altname>
      <button id="1">Pause</button>
      <button id="2">Stop</button>
      <button id="4">ZoomNormal</button>
      <button id="5">Rotate</button>
      <button id="6">CodecInfo</button>
      <button id="11">ZoomIn</button>
      <button id="12">ZoomOut</button>
      <button id="13">PreviousPicture</button>
      <button id="14">NextPicture</button>
      <axis id="1">AnalogMove</axis>
      <axis id="2">AnalogMove</axis>
      <axis id="3" limit="+1">ZoomOut</axis>
      <axis id="3" limit="-1">ZoomIn</axis>
      <hat id="1" position="up">ZoomIn</hat>
      <hat id="1" position="down">ZoomOut</hat>
      <hat id="1" position="left">PreviousPicture</hat>
      <hat id="1" position="right">NextPicture</hat>
    </joystick>
    <joystick name="Microsoft X-Box 360 pad">
      <altname>BigBen Interactive XBOX 360 Controller</altname>
      <altname>Generic X-Box pad</altname>
      <altname>Logitech Chillstream Controller</altname>
      <altname>Mad Catz Wired Xbox 360 Controller</altname>
      <altname>Mad Catz Wired Xbox 360 Controller (SFIV)</altname>
      <altname>Pelican 'TSZ' Wired Xbox 360 Controller</altname>
      <altname>Pelican PL-3601 'TSZ' Wired Xbox 360 Controller</altname>
      <altname>Xbox 360 Wireless Receiver</altname>
      <altname>Xbox 360 Wireless Receiver (XBOX)</altname>
      <altname>Razer Sabertooth</altname>
      <button id="1">Pause</button>
      <button id="2">Stop</button>
      <button id="4">ZoomNormal</button>
      <button id="5">Rotate</button>
      <button id="6">CodecInfo</button>
      <button id="12">PreviousPicture</button>
      <button id="13">NextPicture</button>
      <button id="14">ZoomIn</button>
      <button id="15">ZoomOut</button>
      <axis id="1">AnalogMove</axis>
      <axis id="2">AnalogMove</axis>
      <axis id="3">ZoomOut</axis>
      <axis id="6">ZoomIn</axis>
      <hat id="1" position="up">ZoomIn</hat>
      <hat id="1" position="down">ZoomOut</hat>
      <hat id="1" position="left">PreviousPicture</hat>
      <hat id="1" position="right">NextPicture</hat>
    </joystick>
  </SlideShow>
  <ScreenCalibration>
    <joystick name="Controller (XBOX 360 For Windows)">
      <altname>Afterglow Gamepad for Xbox 360 (Controller)</altname>
      <altname>Controller (Gamepad F310)</altname>
      <altname>Controller (Gamepad for Xbox 360)</altname>
      <altname>Controller (Rumble Gamepad F510)</altname>
      <altname>Controller (Wireless Gamepad F710)</altname>
      <altname>Controller (Xbox 360 Wireless Receiver for Windows)</altname>
      <altname>Controller (Xbox wireless receiver for windows)</altname>
      <altname>Controller (XBOX360 GAMEPAD)</altname>
      <altname>Controller (Batarang wired controller (XBOX))</altname>
      <altname>Wireless Gamepad F710 (Controller)</altname>
      <altname>XBOX 360 For Windows</altname>
      <altname>XBOX 360 For Windows (Controller)</altname>
      <altname>Xbox 360 Wireless Controller</altname>
      <altname>Xbox Receiver for Windows (Wireless Controller)</altname>
      <altname>Xbox wireless receiver for windows (Controller)</altname>
      <altname>Gamepad F310 (Controller)</altname>
	  <altname>Razer Sabertooth Elite (Controller)</altname>
      <altname>Controller (XBOX One For Windows)</altname>
      <button id="3">ResetCalibration</button>
      <button id="5">NextResolution</button>
      <button id="6">NextCalibration</button>
    </joystick>
    <joystick name="Microsoft X-Box 360 pad">
      <altname>BigBen Interactive XBOX 360 Controller</altname>
      <altname>Generic X-Box pad</altname>
      <altname>Logitech Chillstream Controller</altname>
      <altname>Mad Catz Wired Xbox 360 Controller</altname>
      <altname>Mad Catz Wired Xbox 360 Controller (SFIV)</altname>
      <altname>Pelican 'TSZ' Wired Xbox 360 Controller</altname>
      <altname>Pelican PL-3601 'TSZ' Wired Xbox 360 Controller</altname>
      <altname>Xbox 360 Wireless Receiver</altname>
      <altname>Xbox 360 Wireless Receiver (XBOX)</altname>
      <altname>Razer Sabertooth</altname>
      <button id="3">ResetCalibration</button>
      <button id="5">NextResolution</button>
      <button id="6">NextCalibration</button>
    </joystick>
  </ScreenCalibration>
  <GUICalibration>
    <joystick name="Controller (XBOX 360 For Windows)">
      <altname>Afterglow Gamepad for Xbox 360 (Controller)</altname>
      <altname>Controller (Gamepad F310)</altname>
      <altname>Controller (Gamepad for Xbox 360)</altname>
      <altname>Controller (Rumble Gamepad F510)</altname>
      <altname>Controller (Wireless Gamepad F710)</altname>
      <altname>Controller (Xbox 360 Wireless Receiver for Windows)</altname>
      <altname>Controller (Xbox wireless receiver for windows)</altname>
      <altname>Controller (XBOX360 GAMEPAD)</altname>
      <altname>Controller (Batarang wired controller (XBOX))</altname>
      <altname>Wireless Gamepad F710 (Controller)</altname>
      <altname>XBOX 360 For Windows</altname>
      <altname>XBOX 360 For Windows (Controller)</altname>
      <altname>Xbox 360 Wireless Controller</altname>
      <altname>Xbox Receiver for Windows (Wireless Controller)</altname>
      <altname>Xbox wireless receiver for windows (Controller)</altname>
      <altname>Gamepad F310 (Controller)</altname>
	  <altname>Razer Sabertooth Elite (Controller)</altname>
      <altname>Controller (XBOX One For Windows)</altname>
      <button id="3">ResetCalibration</button>
      <button id="5">NextResolution</button>
      <button id="6">NextCalibration</button>
    </joystick>
    <joystick name="Microsoft X-Box 360 pad">
      <altname>BigBen Interactive XBOX 360 Controller</altname>
      <altname>Generic X-Box pad</altname>
      <altname>Logitech Chillstream Controller</altname>
      <altname>Mad Catz Wired Xbox 360 Controller</altname>
      <altname>Mad Catz Wired Xbox 360 Controller (SFIV)</altname>
      <altname>Pelican 'TSZ' Wired Xbox 360 Controller</altname>
      <altname>Pelican PL-3601 'TSZ' Wired Xbox 360 Controller</altname>
      <altname>Xbox 360 Wireless Receiver</altname>
      <altname>Xbox 360 Wireless Receiver (XBOX)</altname>
      <altname>Razer Sabertooth</altname>
      <button id="3">ResetCalibration</button>
      <button id="5">NextResolution</button>
      <button id="6">NextCalibration</button>
    </joystick>
  </GUICalibration>
  <VideoOSD>
    <joystick name="Controller (XBOX 360 For Windows)">
      <altname>Afterglow Gamepad for Xbox 360 (Controller)</altname>
      <altname>Controller (Gamepad F310)</altname>
      <altname>Controller (Gamepad for Xbox 360)</altname>
      <altname>Controller (Rumble Gamepad F510)</altname>
      <altname>Controller (Wireless Gamepad F710)</altname>
      <altname>Controller (Xbox 360 Wireless Receiver for Windows)</altname>
      <altname>Controller (Xbox wireless receiver for windows)</altname>
      <altname>Controller (XBOX360 GAMEPAD)</altname>
      <altname>Controller (Batarang wired controller (XBOX))</altname>
      <altname>Wireless Gamepad F710 (Controller)</altname>
      <altname>XBOX 360 For Windows</altname>
      <altname>XBOX 360 For Windows (Controller)</altname>
      <altname>Xbox 360 Wireless Controller</altname>
      <altname>Xbox Receiver for Windows (Wireless Controller)</altname>
      <altname>Xbox wireless receiver for windows (Controller)</altname>
      <altname>Gamepad F310 (Controller)</altname>
	  <altname>Razer Sabertooth Elite (Controller)</altname>
      <altname>Controller (XBOX One For Windows)</altname>
      <button id="1">Select</button>
      <button id="2">Back</button>
    </joystick>
    <joystick name="Microsoft X-Box 360 pad">
      <altname>BigBen Interactive XBOX 360 Controller</altname>
      <altname>Generic X-Box pad</altname>
      <altname>Logitech Chillstream Controller</altname>
      <altname>Mad Catz Wired Xbox 360 Controller</altname>
      <altname>Mad Catz Wired Xbox 360 Controller (SFIV)</altname>
      <altname>Pelican 'TSZ' Wired Xbox 360 Controller</altname>
      <altname>Pelican PL-3601 'TSZ' Wired Xbox 360 Controller</altname>
      <altname>Xbox 360 Wireless Receiver</altname>
      <altname>Xbox 360 Wireless Receiver (XBOX)</altname>
      <altname>Razer Sabertooth</altname>
      <button id="1">Select</button>
      <button id="2">Back</button>
    </joystick>
  </VideoOSD>
  <VideoMenu>
    <joystick name="Controller (XBOX 360 For Windows)">
      <altname>Afterglow Gamepad for Xbox 360 (Controller)</altname>
      <altname>Controller (Gamepad F310)</altname>
      <altname>Controller (Gamepad for Xbox 360)</altname>
      <altname>Controller (Rumble Gamepad F510)</altname>
      <altname>Controller (Wireless Gamepad F710)</altname>
      <altname>Controller (Xbox 360 Wireless Receiver for Windows)</altname>
      <altname>Controller (Xbox wireless receiver for windows)</altname>
      <altname>Controller (XBOX360 GAMEPAD)</altname>
      <altname>Controller (Batarang wired controller (XBOX))</altname>
      <altname>Wireless Gamepad F710 (Controller)</altname>
      <altname>XBOX 360 For Windows</altname>
      <altname>XBOX 360 For Windows (Controller)</altname>
      <altname>Xbox 360 Wireless Controller</altname>
      <altname>Xbox Receiver for Windows (Wireless Controller)</altname>
      <altname>Xbox wireless receiver for windows (Controller)</altname>
      <altname>Gamepad F310 (Controller)</altname>
	  <altname>Razer Sabertooth Elite (Controller)</altname>
      <altname>Controller (XBOX One For Windows)</altname>
      <button id="2">Stop</button>
      <button id="3">OSD</button>
      <button id="5">AspectRatio</button>
      <button id="8">Info</button>
    </joystick>
    <joystick name="Microsoft X-Box 360 pad">
      <altname>BigBen Interactive XBOX 360 Controller</altname>
      <altname>Generic X-Box pad</altname>
      <altname>Logitech Chillstream Controller</altname>
      <altname>Mad Catz Wired Xbox 360 Controller</altname>
      <altname>Mad Catz Wired Xbox 360 Controller (SFIV)</altname>
      <altname>Pelican 'TSZ' Wired Xbox 360 Controller</altname>
      <altname>Pelican PL-3601 'TSZ' Wired Xbox 360 Controller</altname>
      <altname>Xbox 360 Wireless Receiver</altname>
      <altname>Xbox 360 Wireless Receiver (XBOX)</altname>
      <altname>Razer Sabertooth</altname>
      <button id="2">Stop</button>
      <button id="3">OSD</button>
      <button id="5">AspectRatio</button>
      <button id="8">Info</button>
    </joystick>
  </VideoMenu>
  <OSDVideoSettings>
    <joystick name="Controller (XBOX 360 For Windows)">
      <altname>Afterglow Gamepad for Xbox 360 (Controller)</altname>
      <altname>Controller (Gamepad F310)</altname>
      <altname>Controller (Gamepad for Xbox 360)</altname>
      <altname>Controller (Rumble Gamepad F510)</altname>
      <altname>Controller (Wireless Gamepad F710)</altname>
      <altname>Controller (Xbox 360 Wireless Receiver for Windows)</altname>
      <altname>Controller (Xbox wireless receiver for windows)</altname>
      <altname>Controller (XBOX360 GAMEPAD)</altname>
      <altname>Controller (Batarang wired controller (XBOX))</altname>
      <altname>Wireless Gamepad F710 (Controller)</altname>
      <altname>XBOX 360 For Windows</altname>
      <altname>XBOX 360 For Windows (Controller)</altname>
      <altname>Xbox 360 Wireless Controller</altname>
      <altname>Xbox Receiver for Windows (Wireless Controller)</altname>
      <altname>Xbox wireless receiver for windows (Controller)</altname>
      <altname>Gamepad F310 (Controller)</altname>
	  <altname>Razer Sabertooth Elite (Controller)</altname>
      <altname>Controller (XBOX One For Windows)</altname>
      <button id="5">AspectRatio</button>
      <button id="3">Close</button>
    </joystick>
    <joystick name="Microsoft X-Box 360 pad">
      <altname>BigBen Interactive XBOX 360 Controller</altname>
      <altname>Generic X-Box pad</altname>
      <altname>Logitech Chillstream Controller</altname>
      <altname>Mad Catz Wired Xbox 360 Controller</altname>
      <altname>Mad Catz Wired Xbox 360 Controller (SFIV)</altname>
      <altname>Pelican 'TSZ' Wired Xbox 360 Controller</altname>
      <altname>Pelican PL-3601 'TSZ' Wired Xbox 360 Controller</altname>
      <altname>Xbox 360 Wireless Receiver</altname>
      <altname>Xbox 360 Wireless Receiver (XBOX)</altname>
      <altname>Razer Sabertooth</altname>
      <button id="5">AspectRatio</button>
      <button id="3">Close</button>
    </joystick>
  </OSDVideoSettings>
  <OSDAudioSettings>
    <joystick name="Controller (XBOX 360 For Windows)">
      <altname>Afterglow Gamepad for Xbox 360 (Controller)</altname>
      <altname>Controller (Gamepad F310)</altname>
      <altname>Controller (Gamepad for Xbox 360)</altname>
      <altname>Controller (Rumble Gamepad F510)</altname>
      <altname>Controller (Wireless Gamepad F710)</altname>
      <altname>Controller (Xbox 360 Wireless Receiver for Windows)</altname>
      <altname>Controller (Xbox wireless receiver for windows)</altname>
      <altname>Controller (XBOX360 GAMEPAD)</altname>
      <altname>Controller (Batarang wired controller (XBOX))</altname>
      <altname>Wireless Gamepad F710 (Controller)</altname>
      <altname>XBOX 360 For Windows</altname>
      <altname>XBOX 360 For Windows (Controller)</altname>
      <altname>Xbox 360 Wireless Controller</altname>
      <altname>Xbox Receiver for Windows (Wireless Controller)</altname>
      <altname>Xbox wireless receiver for windows (Controller)</altname>
      <altname>Gamepad F310 (Controller)</altname>
	  <altname>Razer Sabertooth Elite (Controller)</altname>
      <altname>Controller (XBOX One For Windows)</altname>
      <button id="5">AspectRatio</button>
      <button id="3">Close</button>
    </joystick>
    <joystick name="Microsoft X-Box 360 pad">
      <altname>BigBen Interactive XBOX 360 Controller</altname>
      <altname>Generic X-Box pad</altname>
      <altname>Logitech Chillstream Controller</altname>
      <altname>Mad Catz Wired Xbox 360 Controller</altname>
      <altname>Mad Catz Wired Xbox 360 Controller (SFIV)</altname>
      <altname>Pelican 'TSZ' Wired Xbox 360 Controller</altname>
      <altname>Pelican PL-3601 'TSZ' Wired Xbox 360 Controller</altname>
      <altname>Xbox 360 Wireless Receiver</altname>
      <altname>Xbox 360 Wireless Receiver (XBOX)</altname>
      <altname>Razer Sabertooth</altname>
      <button id="5">AspectRatio</button>
      <button id="3">Close</button>
    </joystick>
  </OSDAudioSettings>
  <VideoBookmarks>
    <joystick name="Controller (XBOX 360 For Windows)">
      <altname>Afterglow Gamepad for Xbox 360 (Controller)</altname>
      <altname>Controller (Gamepad F310)</altname>
      <altname>Controller (Gamepad for Xbox 360)</altname>
      <altname>Controller (Rumble Gamepad F510)</altname>
      <altname>Controller (Wireless Gamepad F710)</altname>
      <altname>Controller (Xbox 360 Wireless Receiver for Windows)</altname>
      <altname>Controller (Xbox wireless receiver for windows)</altname>
      <altname>Controller (XBOX360 GAMEPAD)</altname>
      <altname>Controller (Batarang wired controller (XBOX))</altname>
      <altname>Wireless Gamepad F710 (Controller)</altname>
      <altname>XBOX 360 For Windows</altname>
      <altname>XBOX 360 For Windows (Controller)</altname>
      <altname>Xbox 360 Wireless Controller</altname>
      <altname>Xbox Receiver for Windows (Wireless Controller)</altname>
      <altname>Xbox wireless receiver for windows (Controller)</altname>
      <altname>Gamepad F310 (Controller)</altname>
	  <altname>Razer Sabertooth Elite (Controller)</altname>
      <altname>Controller (XBOX One For Windows)</altname>
      <button id="5">Delete</button>
    </joystick>
    <joystick name="Microsoft X-Box 360 pad">
      <altname>BigBen Interactive XBOX 360 Controller</altname>
      <altname>Generic X-Box pad</altname>
      <altname>Logitech Chillstream Controller</altname>
      <altname>Mad Catz Wired Xbox 360 Controller</altname>
      <altname>Mad Catz Wired Xbox 360 Controller (SFIV)</altname>
      <altname>Pelican 'TSZ' Wired Xbox 360 Controller</altname>
      <altname>Pelican PL-3601 'TSZ' Wired Xbox 360 Controller</altname>
      <altname>Xbox 360 Wireless Receiver</altname>
      <altname>Xbox 360 Wireless Receiver (XBOX)</altname>
      <altname>Razer Sabertooth</altname>
      <button id="5">Delete</button>
    </joystick>
  </VideoBookmarks>
  <MyVideoLibrary>
  </MyVideoLibrary>
  <MyVideoFiles>
  </MyVideoFiles>
  <MyVideoPlaylist>
    <joystick name="Controller (XBOX 360 For Windows)">
      <altname>Afterglow Gamepad for Xbox 360 (Controller)</altname>
      <altname>Controller (Gamepad F310)</altname>
      <altname>Controller (Gamepad for Xbox 360)</altname>
      <altname>Controller (Rumble Gamepad F510)</altname>
      <altname>Controller (Wireless Gamepad F710)</altname>
      <altname>Controller (Xbox 360 Wireless Receiver for Windows)</altname>
      <altname>Controller (Xbox wireless receiver for windows)</altname>
      <altname>Controller (XBOX360 GAMEPAD)</altname>
      <altname>Controller (Batarang wired controller (XBOX))</altname>
      <altname>Wireless Gamepad F710 (Controller)</altname>
      <altname>XBOX 360 For Windows</altname>
      <altname>XBOX 360 For Windows (Controller)</altname>
      <altname>Xbox 360 Wireless Controller</altname>
      <altname>Xbox Receiver for Windows (Wireless Controller)</altname>
      <altname>Xbox wireless receiver for windows (Controller)</altname>
      <altname>Gamepad F310 (Controller)</altname>
	  <altname>Razer Sabertooth Elite (Controller)</altname>
      <altname>Controller (XBOX One For Windows)</altname>
      <button id="5">Delete</button>
    </joystick>
    <joystick name="Microsoft X-Box 360 pad">
      <altname>BigBen Interactive XBOX 360 Controller</altname>
      <altname>Generic X-Box pad</altname>
      <altname>Logitech Chillstream Controller</altname>
      <altname>Mad Catz Wired Xbox 360 Controller</altname>
      <altname>Mad Catz Wired Xbox 360 Controller (SFIV)</altname>
      <altname>Pelican 'TSZ' Wired Xbox 360 Controller</altname>
      <altname>Pelican PL-3601 'TSZ' Wired Xbox 360 Controller</altname>
      <altname>Xbox 360 Wireless Receiver</altname>
      <altname>Xbox 360 Wireless Receiver (XBOX)</altname>
      <altname>Razer Sabertooth</altname>
      <button id="5">Delete</button>
    </joystick>
  </MyVideoPlaylist>
  <VirtualKeyboard>
    <joystick name="Controller (XBOX 360 For Windows)">
      <altname>Afterglow Gamepad for Xbox 360 (Controller)</altname>
      <altname>Controller (Gamepad F310)</altname>
      <altname>Controller (Gamepad for Xbox 360)</altname>
      <altname>Controller (Rumble Gamepad F510)</altname>
      <altname>Controller (Wireless Gamepad F710)</altname>
      <altname>Controller (Xbox 360 Wireless Receiver for Windows)</altname>
      <altname>Controller (Xbox wireless receiver for windows)</altname>
      <altname>Controller (XBOX360 GAMEPAD)</altname>
      <altname>Controller (Batarang wired controller (XBOX))</altname>
      <altname>Wireless Gamepad F710 (Controller)</altname>
      <altname>XBOX 360 For Windows</altname>
      <altname>XBOX 360 For Windows (Controller)</altname>
      <altname>Xbox 360 Wireless Controller</altname>
      <altname>Xbox Receiver for Windows (Wireless Controller)</altname>
      <altname>Xbox wireless receiver for windows (Controller)</altname>
      <altname>Gamepad F310 (Controller)</altname>
	    <altname>Razer Sabertooth Elite (Controller)</altname>
      <altname>Controller (XBOX One For Windows)</altname>
      <button id="3">BackSpace</button>
      <button id="4">space</button>
      <button id="5">CursorLeft</button>
      <button id="6">CursorRight</button>
      <button id="7">Cancel</button>
      <button id="8">Enter</button>
      <button id="9">Symbols</button>
      <button id="10">Shift</button>
      <hat id="1" position="up">Up</hat>
      <hat id="1" position="down">Down</hat>
      <hat id="1" position="left">Left</hat>
      <hat id="1" position="right">Right</hat>
    </joystick>
    <joystick name="Microsoft X-Box 360 pad">
      <altname>BigBen Interactive XBOX 360 Controller</altname>
      <altname>Generic X-Box pad</altname>
      <altname>Logitech Chillstream Controller</altname>
      <altname>Mad Catz Wired Xbox 360 Controller</altname>
      <altname>Mad Catz Wired Xbox 360 Controller (SFIV)</altname>
      <altname>Pelican 'TSZ' Wired Xbox 360 Controller</altname>
      <altname>Pelican PL-3601 'TSZ' Wired Xbox 360 Controller</altname>
      <altname>Xbox 360 Wireless Receiver</altname>
      <altname>Xbox 360 Wireless Receiver (XBOX)</altname>
      <altname>Razer Sabertooth</altname>
      <button id="3">BackSpace</button>
      <button id="4">space</button>
      <button id="5">CursorLeft</button>
      <button id="6">CursorRight</button>
      <button id="7">Cancel</button>
      <button id="8">Enter</button>
      <button id="9">Symbols</button>
      <button id="10">Shift</button>
      <hat id="1" position="up">Up</hat>
      <hat id="1" position="down">Down</hat>
      <hat id="1" position="left">Left</hat>
      <hat id="1" position="right">Right</hat>
    </joystick>
  </VirtualKeyboard>
  <ContextMenu>
    <joystick name="Controller (XBOX 360 For Windows)">
      <altname>Afterglow Gamepad for Xbox 360 (Controller)</altname>
      <altname>Controller (Gamepad F310)</altname>
      <altname>Controller (Gamepad for Xbox 360)</altname>
      <altname>Controller (Rumble Gamepad F510)</altname>
      <altname>Controller (Wireless Gamepad F710)</altname>
      <altname>Controller (Xbox 360 Wireless Receiver for Windows)</altname>
      <altname>Controller (Xbox wireless receiver for windows)</altname>
      <altname>Controller (XBOX360 GAMEPAD)</altname>
      <altname>Controller (Batarang wired controller (XBOX))</altname>
      <altname>Wireless Gamepad F710 (Controller)</altname>
      <altname>XBOX 360 For Windows</altname>
      <altname>XBOX 360 For Windows (Controller)</altname>
      <altname>Xbox 360 Wireless Controller</altname>
      <altname>Xbox Receiver for Windows (Wireless Controller)</altname>
      <altname>Xbox wireless receiver for windows (Controller)</altname>
      <altname>Gamepad F310 (Controller)</altname>
      <altname>Razer Sabertooth Elite (Controller)</altname>
      <altname>Controller (XBOX One For Windows)</altname>
      <button id="2">Close</button>
      <button id="3">Close</button>
    </joystick>
    <joystick name="Microsoft X-Box 360 pad">
      <altname>BigBen Interactive XBOX 360 Controller</altname>
      <altname>Generic X-Box pad</altname>
      <altname>Logitech Chillstream Controller</altname>
      <altname>Mad Catz Wired Xbox 360 Controller</altname>
      <altname>Mad Catz Wired Xbox 360 Controller (SFIV)</altname>
      <altname>Pelican 'TSZ' Wired Xbox 360 Controller</altname>
      <altname>Pelican PL-3601 'TSZ' Wired Xbox 360 Controller</altname>
      <altname>Xbox 360 Wireless Receiver</altname>
      <altname>Xbox 360 Wireless Receiver (XBOX)</altname>
      <altname>Razer Sabertooth</altname>
      <button id="2">Close</button>
      <button id="3">Close</button>
    </joystick>
  </ContextMenu>
  <Scripts>
    <joystick name="Controller (XBOX 360 For Windows)">
      <altname>Afterglow Gamepad for Xbox 360 (Controller)</altname>
      <altname>Controller (Gamepad F310)</altname>
      <altname>Controller (Gamepad for Xbox 360)</altname>
      <altname>Controller (Rumble Gamepad F510)</altname>
      <altname>Controller (Wireless Gamepad F710)</altname>
      <altname>Controller (Xbox 360 Wireless Receiver for Windows)</altname>
      <altname>Controller (Xbox wireless receiver for windows)</altname>
      <altname>Controller (XBOX360 GAMEPAD)</altname>
      <altname>Controller (Batarang wired controller (XBOX))</altname>
      <altname>Wireless Gamepad F710 (Controller)</altname>
      <altname>XBOX 360 For Windows</altname>
      <altname>XBOX 360 For Windows (Controller)</altname>
      <altname>Xbox 360 Wireless Controller</altname>
      <altname>Xbox Receiver for Windows (Wireless Controller)</altname>
      <altname>Xbox wireless receiver for windows (Controller)</altname>
      <altname>Gamepad F310 (Controller)</altname>
      <altname>Razer Sabertooth Elite (Controller)</altname>
      <altname>Controller (XBOX One For Windows)</altname>
      <button id="3">ContextMenu</button>
    </joystick>
    <joystick name="Microsoft X-Box 360 pad">
      <altname>BigBen Interactive XBOX 360 Controller</altname>
      <altname>Generic X-Box pad</altname>
      <altname>Logitech Chillstream Controller</altname>
      <altname>Mad Catz Wired Xbox 360 Controller</altname>
      <altname>Mad Catz Wired Xbox 360 Controller (SFIV)</altname>
      <altname>Pelican 'TSZ' Wired Xbox 360 Controller</altname>
      <altname>Pelican PL-3601 'TSZ' Wired Xbox 360 Controller</altname>
      <altname>Xbox 360 Wireless Receiver</altname>
      <altname>Xbox 360 Wireless Receiver (XBOX)</altname>
      <altname>Razer Sabertooth</altname>
      <button id="3">ContextMenu</button>
    </joystick>
  </Scripts>
  <Settings>
    <joystick name="Controller (XBOX 360 For Windows)">
      <altname>Afterglow Gamepad for Xbox 360 (Controller)</altname>
      <altname>Controller (Gamepad F310)</altname>
      <altname>Controller (Gamepad for Xbox 360)</altname>
      <altname>Controller (Rumble Gamepad F510)</altname>
      <altname>Controller (Wireless Gamepad F710)</altname>
      <altname>Controller (Xbox 360 Wireless Receiver for Windows)</altname>
      <altname>Controller (Xbox wireless receiver for windows)</altname>
      <altname>Controller (XBOX360 GAMEPAD)</altname>
      <altname>Controller (Batarang wired controller (XBOX))</altname>
      <altname>Wireless Gamepad F710 (Controller)</altname>
      <altname>XBOX 360 For Windows</altname>
      <altname>XBOX 360 For Windows (Controller)</altname>
      <altname>Xbox 360 Wireless Controller</altname>
      <altname>Xbox Receiver for Windows (Wireless Controller)</altname>
      <altname>Xbox wireless receiver for windows (Controller)</altname>
      <altname>Gamepad F310 (Controller)</altname>
      <altname>Razer Sabertooth Elite (Controller)</altname>
      <altname>Controller (XBOX One For Windows)</altname>
      <button id="2">PreviousMenu</button>
    </joystick>
    <joystick name="Microsoft X-Box 360 pad">
      <altname>BigBen Interactive XBOX 360 Controller</altname>
      <altname>Generic X-Box pad</altname>
      <altname>Logitech Chillstream Controller</altname>
      <altname>Mad Catz Wired Xbox 360 Controller</altname>
      <altname>Mad Catz Wired Xbox 360 Controller (SFIV)</altname>
      <altname>Pelican 'TSZ' Wired Xbox 360 Controller</altname>
      <altname>Pelican PL-3601 'TSZ' Wired Xbox 360 Controller</altname>
      <altname>Xbox 360 Wireless Receiver</altname>
      <altname>Xbox 360 Wireless Receiver (XBOX)</altname>
      <altname>Razer Sabertooth</altname>
      <button id="2">PreviousMenu</button>
    </joystick>
  </Settings>
  <AddonInformation>
    <joystick name="Controller (XBOX 360 For Windows)">
      <altname>Afterglow Gamepad for Xbox 360 (Controller)</altname>
      <altname>Controller (Gamepad F310)</altname>
      <altname>Controller (Gamepad for Xbox 360)</altname>
      <altname>Controller (Rumble Gamepad F510)</altname>
      <altname>Controller (Wireless Gamepad F710)</altname>
      <altname>Controller (Xbox 360 Wireless Receiver for Windows)</altname>
      <altname>Controller (Xbox wireless receiver for windows)</altname>
      <altname>Controller (XBOX360 GAMEPAD)</altname>
      <altname>Controller (Batarang wired controller (XBOX))</altname>
      <altname>Wireless Gamepad F710 (Controller)</altname>
      <altname>XBOX 360 For Windows</altname>
      <altname>XBOX 360 For Windows (Controller)</altname>
      <altname>Xbox 360 Wireless Controller</altname>
      <altname>Xbox Receiver for Windows (Wireless Controller)</altname>
      <altname>Xbox wireless receiver for windows (Controller)</altname>
      <altname>Gamepad F310 (Controller)</altname>
      <altname>Razer Sabertooth Elite (Controller)</altname>
      <altname>Controller (XBOX One For Windows)</altname>
      <button id="2">Close</button>
    </joystick>
    <joystick name="Microsoft X-Box 360 pad">
      <altname>BigBen Interactive XBOX 360 Controller</altname>
      <altname>Generic X-Box pad</altname>
      <altname>Logitech Chillstream Controller</altname>
      <altname>Mad Catz Wired Xbox 360 Controller</altname>
      <altname>Mad Catz Wired Xbox 360 Controller (SFIV)</altname>
      <altname>Pelican 'TSZ' Wired Xbox 360 Controller</altname>
      <altname>Pelican PL-3601 'TSZ' Wired Xbox 360 Controller</altname>
      <altname>Xbox 360 Wireless Receiver</altname>
      <altname>Xbox 360 Wireless Receiver (XBOX)</altname>
      <altname>Razer Sabertooth</altname>
      <button id="2">Close</button>
    </joystick>
  </AddonInformation>
  <AddonSettings>
    <joystick name="Controller (XBOX 360 For Windows)">
      <altname>Afterglow Gamepad for Xbox 360 (Controller)</altname>
      <altname>Controller (Gamepad F310)</altname>
      <altname>Controller (Gamepad for Xbox 360)</altname>
      <altname>Controller (Rumble Gamepad F510)</altname>
      <altname>Controller (Wireless Gamepad F710)</altname>
      <altname>Controller (Xbox 360 Wireless Receiver for Windows)</altname>
      <altname>Controller (Xbox wireless receiver for windows)</altname>
      <altname>Controller (XBOX360 GAMEPAD)</altname>
      <altname>Controller (Batarang wired controller (XBOX))</altname>
      <altname>Wireless Gamepad F710 (Controller)</altname>
      <altname>XBOX 360 For Windows</altname>
      <altname>XBOX 360 For Windows (Controller)</altname>
      <altname>Xbox 360 Wireless Controller</altname>
      <altname>Xbox Receiver for Windows (Wireless Controller)</altname>
      <altname>Xbox wireless receiver for windows (Controller)</altname>
      <altname>Gamepad F310 (Controller)</altname>
      <altname>Razer Sabertooth Elite (Controller)</altname>
      <altname>Controller (XBOX One For Windows)</altname>
      <button id="2">Close</button>
    </joystick>
    <joystick name="Microsoft X-Box 360 pad">
      <altname>BigBen Interactive XBOX 360 Controller</altname>
      <altname>Generic X-Box pad</altname>
      <altname>Logitech Chillstream Controller</altname>
      <altname>Mad Catz Wired Xbox 360 Controller</altname>
      <altname>Mad Catz Wired Xbox 360 Controller (SFIV)</altname>
      <altname>Pelican 'TSZ' Wired Xbox 360 Controller</altname>
      <altname>Pelican PL-3601 'TSZ' Wired Xbox 360 Controller</altname>
      <altname>Xbox 360 Wireless Receiver</altname>
      <altname>Xbox 360 Wireless Receiver (XBOX)</altname>
      <altname>Razer Sabertooth</altname>
      <button id="2">Close</button>
    </joystick>
  </AddonSettings>
  <TextViewer>
    <joystick name="Controller (XBOX 360 For Windows)">
      <altname>Afterglow Gamepad for Xbox 360 (Controller)</altname>
      <altname>Controller (Gamepad F310)</altname>
      <altname>Controller (Gamepad for Xbox 360)</altname>
      <altname>Controller (Rumble Gamepad F510)</altname>
      <altname>Controller (Wireless Gamepad F710)</altname>
      <altname>Controller (Xbox 360 Wireless Receiver for Windows)</altname>
      <altname>Controller (Xbox wireless receiver for windows)</altname>
      <altname>Controller (XBOX360 GAMEPAD)</altname>
      <altname>Controller (Batarang wired controller (XBOX))</altname>
      <altname>Wireless Gamepad F710 (Controller)</altname>
      <altname>XBOX 360 For Windows</altname>
      <altname>XBOX 360 For Windows (Controller)</altname>
      <altname>Xbox 360 Wireless Controller</altname>
      <altname>Xbox Receiver for Windows (Wireless Controller)</altname>
      <altname>Xbox wireless receiver for windows (Controller)</altname>
      <altname>Gamepad F310 (Controller)</altname>
      <altname>Razer Sabertooth Elite (Controller)</altname>
      <altname>Controller (XBOX One For Windows)</altname>
      <button id="2">Close</button>
    </joystick>
    <joystick name="Microsoft X-Box 360 pad">
      <altname>BigBen Interactive XBOX 360 Controller</altname>
      <altname>Generic X-Box pad</altname>
      <altname>Logitech Chillstream Controller</altname>
      <altname>Mad Catz Wired Xbox 360 Controller</altname>
      <altname>Mad Catz Wired Xbox 360 Controller (SFIV)</altname>
      <altname>Pelican 'TSZ' Wired Xbox 360 Controller</altname>
      <altname>Pelican PL-3601 'TSZ' Wired Xbox 360 Controller</altname>
      <altname>Xbox 360 Wireless Receiver</altname>
      <altname>Xbox 360 Wireless Receiver (XBOX)</altname>
      <altname>Razer Sabertooth</altname>
      <button id="2">Close</button>
    </joystick>
  </TextViewer>
  <shutdownmenu>
    <joystick name="Controller (XBOX 360 For Windows)">
      <altname>Afterglow Gamepad for Xbox 360 (Controller)</altname>
      <altname>Controller (Gamepad F310)</altname>
      <altname>Controller (Gamepad for Xbox 360)</altname>
      <altname>Controller (Rumble Gamepad F510)</altname>
      <altname>Controller (Wireless Gamepad F710)</altname>
      <altname>Controller (Xbox 360 Wireless Receiver for Windows)</altname>
      <altname>Controller (Xbox wireless receiver for windows)</altname>
      <altname>Controller (XBOX360 GAMEPAD)</altname>
      <altname>Controller (Batarang wired controller (XBOX))</altname>
      <altname>Wireless Gamepad F710 (Controller)</altname>
      <altname>XBOX 360 For Windows</altname>
      <altname>XBOX 360 For Windows (Controller)</altname>
      <altname>Xbox 360 Wireless Controller</altname>
      <altname>Xbox Receiver for Windows (Wireless Controller)</altname>
      <altname>Xbox wireless receiver for windows (Controller)</altname>
      <altname>Gamepad F310 (Controller)</altname>
      <altname>Razer Sabertooth Elite (Controller)</altname>
      <altname>Controller (XBOX One For Windows)</altname>
      <button id="2">PreviousMenu</button>
      <button id="9">PreviousMenu</button>
    </joystick>
    <joystick name="Microsoft X-Box 360 pad">
      <altname>BigBen Interactive XBOX 360 Controller</altname>
      <altname>Generic X-Box pad</altname>
      <altname>Logitech Chillstream Controller</altname>
      <altname>Mad Catz Wired Xbox 360 Controller</altname>
      <altname>Mad Catz Wired Xbox 360 Controller (SFIV)</altname>
      <altname>Pelican 'TSZ' Wired Xbox 360 Controller</altname>
      <altname>Pelican PL-3601 'TSZ' Wired Xbox 360 Controller</altname>
      <altname>Xbox 360 Wireless Receiver</altname>
      <altname>Xbox 360 Wireless Receiver (XBOX)</altname>
      <altname>Razer Sabertooth</altname>
      <button id="2">PreviousMenu</button>
      <button id="10">PreviousMenu</button>
    </joystick>
  </shutdownmenu>
  <submenu>
    <joystick name="Controller (XBOX 360 For Windows)">
      <altname>Afterglow Gamepad for Xbox 360 (Controller)</altname>
      <altname>Controller (Gamepad F310)</altname>
      <altname>Controller (Gamepad for Xbox 360)</altname>
      <altname>Controller (Rumble Gamepad F510)</altname>
      <altname>Controller (Wireless Gamepad F710)</altname>
      <altname>Controller (Xbox 360 Wireless Receiver for Windows)</altname>
      <altname>Controller (Xbox wireless receiver for windows)</altname>
      <altname>Controller (XBOX360 GAMEPAD)</altname>
      <altname>Controller (Batarang wired controller (XBOX))</altname>
      <altname>Wireless Gamepad F710 (Controller)</altname>
      <altname>XBOX 360 For Windows</altname>
      <altname>XBOX 360 For Windows (Controller)</altname>
      <altname>Xbox 360 Wireless Controller</altname>
      <altname>Xbox Receiver for Windows (Wireless Controller)</altname>
      <altname>Xbox wireless receiver for windows (Controller)</altname>
      <altname>Gamepad F310 (Controller)</altname>
      <altname>Razer Sabertooth Elite (Controller)</altname>
      <altname>Controller (XBOX One For Windows)</altname>
      <button id="2">PreviousMenu</button>
    </joystick>
    <joystick name="Microsoft X-Box 360 pad">
      <altname>BigBen Interactive XBOX 360 Controller</altname>
      <altname>Generic X-Box pad</altname>
      <altname>Logitech Chillstream Controller</altname>
      <altname>Mad Catz Wired Xbox 360 Controller</altname>
      <altname>Mad Catz Wired Xbox 360 Controller (SFIV)</altname>
      <altname>Pelican 'TSZ' Wired Xbox 360 Controller</altname>
      <altname>Pelican PL-3601 'TSZ' Wired Xbox 360 Controller</altname>
      <altname>Xbox 360 Wireless Receiver</altname>
      <altname>Xbox 360 Wireless Receiver (XBOX)</altname>
      <altname>Razer Sabertooth</altname>
      <button id="2">PreviousMenu</button>
    </joystick>
  </submenu>
  <MusicInformation>
    <joystick name="Controller (XBOX 360 For Windows)">
      <altname>Afterglow Gamepad for Xbox 360 (Controller)</altname>
      <altname>Controller (Gamepad F310)</altname>
      <altname>Controller (Gamepad for Xbox 360)</altname>
      <altname>Controller (Rumble Gamepad F510)</altname>
      <altname>Controller (Wireless Gamepad F710)</altname>
      <altname>Controller (Xbox 360 Wireless Receiver for Windows)</altname>
      <altname>Controller (Xbox wireless receiver for windows)</altname>
      <altname>Controller (XBOX360 GAMEPAD)</altname>
      <altname>Controller (Batarang wired controller (XBOX))</altname>
      <altname>Wireless Gamepad F710 (Controller)</altname>
      <altname>XBOX 360 For Windows</altname>
      <altname>XBOX 360 For Windows (Controller)</altname>
      <altname>Xbox 360 Wireless Controller</altname>
      <altname>Xbox Receiver for Windows (Wireless Controller)</altname>
      <altname>Xbox wireless receiver for windows (Controller)</altname>
      <altname>Gamepad F310 (Controller)</altname>
      <altname>Razer Sabertooth Elite (Controller)</altname>
      <altname>Controller (XBOX One For Windows)</altname>
      <button id="2">Close</button>
    </joystick>
    <joystick name="Microsoft X-Box 360 pad">
      <altname>BigBen Interactive XBOX 360 Controller</altname>
      <altname>Generic X-Box pad</altname>
      <altname>Logitech Chillstream Controller</altname>
      <altname>Mad Catz Wired Xbox 360 Controller</altname>
      <altname>Mad Catz Wired Xbox 360 Controller (SFIV)</altname>
      <altname>Pelican 'TSZ' Wired Xbox 360 Controller</altname>
      <altname>Pelican PL-3601 'TSZ' Wired Xbox 360 Controller</altname>
      <altname>Xbox 360 Wireless Receiver</altname>
      <altname>Xbox 360 Wireless Receiver (XBOX)</altname>
      <altname>Razer Sabertooth</altname>
      <button id="2">Close</button>
    </joystick>
  </MusicInformation>
  <MovieInformation>
    <joystick name="Controller (XBOX 360 For Windows)">
      <altname>Afterglow Gamepad for Xbox 360 (Controller)</altname>
      <altname>Controller (Gamepad F310)</altname>
      <altname>Controller (Gamepad for Xbox 360)</altname>
      <altname>Controller (Rumble Gamepad F510)</altname>
      <altname>Controller (Wireless Gamepad F710)</altname>
      <altname>Controller (Xbox 360 Wireless Receiver for Windows)</altname>
      <altname>Controller (Xbox wireless receiver for windows)</altname>
      <altname>Controller (XBOX360 GAMEPAD)</altname>
      <altname>Controller (Batarang wired controller (XBOX))</altname>
      <altname>Wireless Gamepad F710 (Controller)</altname>
      <altname>XBOX 360 For Windows</altname>
      <altname>XBOX 360 For Windows (Controller)</altname>
      <altname>Xbox 360 Wireless Controller</altname>
      <altname>Xbox Receiver for Windows (Wireless Controller)</altname>
      <altname>Xbox wireless receiver for windows (Controller)</altname>
      <altname>Gamepad F310 (Controller)</altname>
      <altname>Razer Sabertooth Elite (Controller)</altname>
      <altname>Controller (XBOX One For Windows)</altname>
      <button id="2">Close</button>
    </joystick>
    <joystick name="Microsoft X-Box 360 pad">
      <altname>BigBen Interactive XBOX 360 Controller</altname>
      <altname>Generic X-Box pad</altname>
      <altname>Logitech Chillstream Controller</altname>
      <altname>Mad Catz Wired Xbox 360 Controller</altname>
      <altname>Mad Catz Wired Xbox 360 Controller (SFIV)</altname>
      <altname>Pelican 'TSZ' Wired Xbox 360 Controller</altname>
      <altname>Pelican PL-3601 'TSZ' Wired Xbox 360 Controller</altname>
      <altname>Xbox 360 Wireless Receiver</altname>
      <altname>Xbox 360 Wireless Receiver (XBOX)</altname>
      <altname>Razer Sabertooth</altname>
      <button id="2">Close</button>
    </joystick>
  </MovieInformation>
  <NumericInput>
    <joystick name="Controller (XBOX 360 For Windows)">
      <altname>Afterglow Gamepad for Xbox 360 (Controller)</altname>
      <altname>Controller (Gamepad F310)</altname>
      <altname>Controller (Gamepad for Xbox 360)</altname>
      <altname>Controller (Rumble Gamepad F510)</altname>
      <altname>Controller (Wireless Gamepad F710)</altname>
      <altname>Controller (Xbox 360 Wireless Receiver for Windows)</altname>
      <altname>Controller (Xbox wireless receiver for windows)</altname>
      <altname>Controller (XBOX360 GAMEPAD)</altname>
      <altname>Controller (Batarang wired controller (XBOX))</altname>
      <altname>Wireless Gamepad F710 (Controller)</altname>
      <altname>XBOX 360 For Windows</altname>
      <altname>XBOX 360 For Windows (Controller)</altname>
      <altname>Xbox 360 Wireless Controller</altname>
      <altname>Xbox Receiver for Windows (Wireless Controller)</altname>
      <altname>Xbox wireless receiver for windows (Controller)</altname>
      <altname>Gamepad F310 (Controller)</altname>
      <altname>Razer Sabertooth Elite (Controller)</altname>
      <altname>Controller (XBOX One For Windows)</altname>
      <button id="2">BackSpace</button>
      <button id="9">Enter</button>
    </joystick>
    <joystick name="Microsoft X-Box 360 pad">
      <altname>BigBen Interactive XBOX 360 Controller</altname>
      <altname>Generic X-Box pad</altname>
      <altname>Logitech Chillstream Controller</altname>
      <altname>Mad Catz Wired Xbox 360 Controller</altname>
      <altname>Mad Catz Wired Xbox 360 Controller (SFIV)</altname>
      <altname>Pelican 'TSZ' Wired Xbox 360 Controller</altname>
      <altname>Pelican PL-3601 'TSZ' Wired Xbox 360 Controller</altname>
      <altname>Xbox 360 Wireless Receiver</altname>
      <altname>Xbox 360 Wireless Receiver (XBOX)</altname>
      <altname>Razer Sabertooth</altname>
      <button id="2">BackSpace</button>
      <button id="10">Enter</button>
    </joystick>
  </NumericInput>
  <GamepadInput>
    <joystick name="Controller (XBOX 360 For Windows)">
      <altname>Afterglow Gamepad for Xbox 360 (Controller)</altname>
      <altname>Controller (Gamepad F310)</altname>
      <altname>Controller (Gamepad for Xbox 360)</altname>
      <altname>Controller (Rumble Gamepad F510)</altname>
      <altname>Controller (Wireless Gamepad F710)</altname>
      <altname>Controller (Xbox 360 Wireless Receiver for Windows)</altname>
      <altname>Controller (Xbox wireless receiver for windows)</altname>
      <altname>Controller (XBOX360 GAMEPAD)</altname>
      <altname>Controller (Batarang wired controller (XBOX))</altname>
      <altname>Wireless Gamepad F710 (Controller)</altname>
      <altname>XBOX 360 For Windows</altname>
      <altname>XBOX 360 For Windows (Controller)</altname>
      <altname>Xbox 360 Wireless Controller</altname>
      <altname>Xbox Receiver for Windows (Wireless Controller)</altname>
      <altname>Xbox wireless receiver for windows (Controller)</altname>
      <altname>Gamepad F310 (Controller)</altname>
      <altname>Razer Sabertooth Elite (Controller)</altname>
      <altname>Controller (XBOX One For Windows)</altname>
      <button id="9">Stop</button>
    </joystick>
    <joystick name="Microsoft X-Box 360 pad">
      <altname>BigBen Interactive XBOX 360 Controller</altname>
      <altname>Generic X-Box pad</altname>
      <altname>Logitech Chillstream Controller</altname>
      <altname>Mad Catz Wired Xbox 360 Controller</altname>
      <altname>Mad Catz Wired Xbox 360 Controller (SFIV)</altname>
      <altname>Pelican 'TSZ' Wired Xbox 360 Controller</altname>
      <altname>Pelican PL-3601 'TSZ' Wired Xbox 360 Controller</altname>
      <altname>Xbox 360 Wireless Receiver</altname>
      <altname>Xbox 360 Wireless Receiver (XBOX)</altname>
      <altname>Razer Sabertooth</altname>
      <button id="11">Stop</button>
    </joystick>
  </GamepadInput>
  <LockSettings>
    <joystick name="Controller (XBOX 360 For Windows)">
      <altname>Afterglow Gamepad for Xbox 360 (Controller)</altname>
      <altname>Controller (Gamepad F310)</altname>
      <altname>Controller (Gamepad for Xbox 360)</altname>
      <altname>Controller (Rumble Gamepad F510)</altname>
      <altname>Controller (Wireless Gamepad F710)</altname>
      <altname>Controller (Xbox 360 Wireless Receiver for Windows)</altname>
      <altname>Controller (Xbox wireless receiver for windows)</altname>
      <altname>Controller (XBOX360 GAMEPAD)</altname>
      <altname>Controller (Batarang wired controller (XBOX))</altname>
      <altname>Wireless Gamepad F710 (Controller)</altname>
      <altname>XBOX 360 For Windows</altname>
      <altname>XBOX 360 For Windows (Controller)</altname>
      <altname>Xbox 360 Wireless Controller</altname>
      <altname>Xbox Receiver for Windows (Wireless Controller)</altname>
      <altname>Xbox wireless receiver for windows (Controller)</altname>
      <altname>Gamepad F310 (Controller)</altname>
      <altname>Razer Sabertooth Elite (Controller)</altname>
      <altname>Controller (XBOX One For Windows)</altname>
      <button id="2">PreviousMenu</button>
      <button id="9">Close</button>
    </joystick>
    <joystick name="Microsoft X-Box 360 pad">
      <altname>BigBen Interactive XBOX 360 Controller</altname>
      <altname>Generic X-Box pad</altname>
      <altname>Logitech Chillstream Controller</altname>
      <altname>Mad Catz Wired Xbox 360 Controller</altname>
      <altname>Mad Catz Wired Xbox 360 Controller (SFIV)</altname>
      <altname>Pelican 'TSZ' Wired Xbox 360 Controller</altname>
      <altname>Pelican PL-3601 'TSZ' Wired Xbox 360 Controller</altname>
      <altname>Xbox 360 Wireless Receiver</altname>
      <altname>Xbox 360 Wireless Receiver (XBOX)</altname>
      <altname>Razer Sabertooth</altname>
      <button id="2">PreviousMenu</button>
      <button id="11">Close</button>
    </joystick>
  </LockSettings>
  <ProfileSettings>
    <joystick name="Controller (XBOX 360 For Windows)">
      <altname>Afterglow Gamepad for Xbox 360 (Controller)</altname>
      <altname>Controller (Gamepad F310)</altname>
      <altname>Controller (Gamepad for Xbox 360)</altname>
      <altname>Controller (Rumble Gamepad F510)</altname>
      <altname>Controller (Wireless Gamepad F710)</altname>
      <altname>Controller (Xbox 360 Wireless Receiver for Windows)</altname>
      <altname>Controller (Xbox wireless receiver for windows)</altname>
      <altname>Controller (XBOX360 GAMEPAD)</altname>
      <altname>Controller (Batarang wired controller (XBOX))</altname>
      <altname>Wireless Gamepad F710 (Controller)</altname>
      <altname>XBOX 360 For Windows</altname>
      <altname>XBOX 360 For Windows (Controller)</altname>
      <altname>Xbox 360 Wireless Controller</altname>
      <altname>Xbox Receiver for Windows (Wireless Controller)</altname>
      <altname>Xbox wireless receiver for windows (Controller)</altname>
      <altname>Gamepad F310 (Controller)</altname>
      <altname>Razer Sabertooth Elite (Controller)</altname>
      <altname>Controller (XBOX One For Windows)</altname>
      <button id="2">PreviousMenu</button>
      <button id="9">Close</button>
    </joystick>
    <joystick name="Microsoft X-Box 360 pad">
      <altname>BigBen Interactive XBOX 360 Controller</altname>
      <altname>Generic X-Box pad</altname>
      <altname>Logitech Chillstream Controller</altname>
      <altname>Mad Catz Wired Xbox 360 Controller</altname>
      <altname>Mad Catz Wired Xbox 360 Controller (SFIV)</altname>
      <altname>Pelican 'TSZ' Wired Xbox 360 Controller</altname>
      <altname>Pelican PL-3601 'TSZ' Wired Xbox 360 Controller</altname>
      <altname>Xbox 360 Wireless Receiver</altname>
      <altname>Xbox 360 Wireless Receiver (XBOX)</altname>
      <altname>Razer Sabertooth</altname>
      <button id="2">PreviousMenu</button>
      <button id="11">Close</button>
    </joystick>
  </ProfileSettings>
</keymap>
