<?xml version="1.0" encoding="UTF-8"?>
<window id='1100'>
	import subprocess
	<defaultcontrol always="true">9000</defaultcontrol>
	<allowoverlay>no</allowoverlay>
	<controls>
		<include>CommonBackground</include>
		<control type="image">
			<left>0</left>
			<top>100r</top>
			<width>1280</width>
			<height>100</height>
			<texture>floor.png</texture>
			<animation effect="slide" start="0,10" end="0,0" time="200" condition="Window.Previous(Home)">WindowOpen</animation>
			<animation effect="slide" start="0,0" end="0,10" time="200" condition="Window.Next(Home)">WindowClose</animation>
		</control>
		<control type="group">
			<left>90</left>
			<top>30</top>
			<animation type="WindowOpen" reversible="false">
				<effect type="zoom" start="80" end="100" center="640,360" easing="out" tween="back" time="300"/>
				<effect type="fade" start="0" end="100" time="300"/>
			</animation>
			<animation type="WindowClose" reversible="false">
				<effect type="zoom" start="100" end="80" center="640,360" easing="in" tween="back" time="300"/>
				<effect type="fade" start="100" end="0" time="300"/>
			</animation>
			<control type="image">
				<left>5</left>
				<top>5</top>
				<width>1090</width>
				<height>630</height>
				<texture border="15">ContentPanel.png</texture>
			</control>
			<control type="image">
				<left>5</left>
				<top>625</top>
				<width>1090</width>
				<height>64</height>
				<texture border="15">ContentPanelMirror.png</texture>
			</control>
			<control type="button">
				<description>Close Window button</description>
				<left>980</left>
				<top>11</top>
				<width>64</width>
				<height>32</height>
				<label>-</label>
				<font>-</font>
				<onclick>PreviousMenu</onclick>
				<texturefocus>DialogCloseButton-focus.png</texturefocus>
				<texturenofocus>DialogCloseButton.png</texturenofocus>
				<onleft>1</onleft>
				<onright>1</onright>
				<onup>1</onup>
				<ondown>1</ondown>
				<visible>system.getbool(input.enablemouse)</visible>
			</control>
			<control type="image">
				<description>LOGO</description>
				<left>30</left>
				<top>15</top>
				<width>220</width>
				<height>80</height>
				<aspectratio>keep</aspectratio>
				<texture>alienware/alienware-logo.png</texture>
			</control>
			<control type="list" id="9000">
				<left>10</left>
				<top>82</top>
				<width>260</width>
				<height>541</height>
				<onleft>9010</onleft>
				<onright>9010</onright>
				<onup>9000</onup>
				<ondown>9000</ondown>
				<pagecontrol>-</pagecontrol>
				<scrolltime>300</scrolltime>
				<itemlayout height="54" width="260">
					<control type="image">
						<left>0</left>
						<top>0</top>
						<width>260</width>
						<height>55</height>
						<texture border="5">MenuItemNF.png</texture>
					</control>
					<control type="label">
						<left>10</left>
						<top>0</top>
						<width>240</width>
						<height>55</height>
						<font>font24_title</font>
						<textcolor>grey3</textcolor>
						<align>right</align>
						<aligny>center</aligny>
						<label>$INFO[ListItem.Label]</label>
					</control>
				</itemlayout>
				<focusedlayout height="54" width="260">
					<control type="image">
						<left>0</left>
						<top>0</top>
						<width>260</width>
						<height>55</height>
						<texture border="5">MenuItemFO.png</texture>
						<animation effect="fade" start="100" end="30" time="100" condition="!Control.HasFocus(9000)">Conditional</animation>
					</control>
					<control type="label">
						<left>10</left>
						<top>0</top>
						<width>240</width>
						<height>55</height>
						<font>font24_title</font>
						<textcolor>white</textcolor>
						<align>right</align>
						<aligny>center</aligny>
						<label>$INFO[ListItem.Label]</label>
					</control>
				</focusedlayout>
				<content>
					<item id="1">
						<label>31846</label>
						<onclick>noop</onclick>
						<icon>-</icon>
					</item>
					<item id="2">
						<label>31847</label>
						<onclick>noop</onclick>
						<icon>-</icon>
					</item>
					<item id="3">
						<label>31848</label>
						<onclick>noop</onclick>
						<icon>-</icon>
					</item>
					<item id="4">
						<label>31849</label>
						<onclick>noop</onclick>
						<icon>-</icon>
					</item>
				</content>
			</control>
			<control type="image">
				<left>268</left>
				<top>10</top>
				<width>790</width>
				<height>618</height>
				<texture border="5">black-back2.png</texture>
			</control>
			<control type="image">
				<left>268</left>
				<top>10</top>
				<width>790</width>
				<height>52</height>
				<texture>dialogheader.png</texture>
			</control>
			<control type="label">
				<description>header label</description>
				<left>300</left>
				<top>20</top>
				<width>726</width>
				<height>30</height>
				<font>font16</font>
				<label>31608</label>
				<align>center</align>
				<aligny>center</aligny>
				<textcolor>white</textcolor>
				<shadowcolor>black</shadowcolor>
			</control>
			<control type="group" id="9010">
				<control type="grouplist" id="9001">
					<visible>Container(9000).Hasfocus(2)</visible>
					<left>290</left>
					<top>60</top>
					<width>750</width>
					<height>440</height>
					<itemgap>-1</itemgap>
					<pagecontrol>60</pagecontrol>
					<onleft>9000</onleft>
					<onright>9000</onright>
					<onup>9000</onup>
					<ondown>9000</ondown>
					<control type="wraplist" id="9101">
		     			<width>750</width>
						<height>440</height>
						<onleft>9101</onleft>
						<onright>9101</onright>
						<scrolltime>300</scrolltime>
						<focusposition>2</focusposition>
						<movement>1</movement>
						<orientation>Horizontal</orientation>
		 				<itemlayout height="440" width="750">
		                    <control type="image">
		                        <left>0</left>
		                        <width>750</width>
		                        <height>750</height>
		                    </control>
		                    <control type="image">
		                        <top>60</top>
		                        <height>350</height>
		                        <alignx>center</alignx>
		                        <width>750</width>
		                        <aspectratio>keep</aspectratio>
		                        <description>The icon</description>
		                        <texture>$INFO[ListItem.icon]</texture>
		                    </control>
		                    <control type="label">
		                        <bottom>-45</bottom>
		                        <alignx>right</alignx>
		                        <width>230</width>
		                        <height>70</height>
		                        <font>goodtime14</font>
		                        <align>center</align>
		                        <aligny>top</aligny>
		                        <label>$INFO[ListItem.Label]</label>
		                    </control>
						</itemlayout>
						<focusedlayout height="440" width="750">
							<control type="image">
		                        <top>60</top>
		                        <alignx>center</alignx>
		                        <height>350</height>
		                        <width>750</width>
		                        <align>center</align>
								<aligny>center</aligny>
		                        <aspectratio>keep</aspectratio>
		                        <description>The icon</description>
		                        <texture>$INFO[ListItem.icon]</texture>
		                    </control>
		                    <control type="label">
		                        <bottom>-45</bottom>
		                        <alignx>right</alignx>
		                        <width>230</width>
		                        <height>70</height>
		                        <font>goodtime14</font>
		                        <textcolor>white</textcolor>
		                        <align>center</align>
		                        <aligny>top</aligny>
		                        <label>$INFO[ListItem.Label]</label>
		                    </control>
						</focusedlayout>
						<content>
							<item id="5">
								<label>31810</label>
								<onclick>noop</onclick>
								<icon>alienware/Controller_GuideMenu.png</icon>
								<thumb>-</thumb>
								<visible>yes</visible>
							</item>
							<item id="6">
								<label>31813</label>
								<onclick>noop</onclick>
								<icon>alienware/Controller_MouseDriver.png</icon>
								<thumb>-</thumb>
								<visible>yes</visible>
							</item>
							<item id="7">
								<label>31811</label>
								<onclick>noop</onclick>
								<icon>alienware/Controller_ShiftingFocus.png</icon>
								<thumb>-</thumb>
								<visible>yes</visible>
							</item>
							<item id="8">
								<label>31812</label>
								<onclick>noop</onclick>
								<icon>alienware/Controller_FullScreen.png</icon>
								<thumb>-</thumb>
								<visible>yes</visible>
							</item>
							<item id="9">
								<label>Coming Soon</label>
								<onclick>noop</onclick>
								<icon>alienware/icon_help.png</icon>
								<thumb>-</thumb>
								<visible>yes</visible>
							</item>
						</content>
					</control>
				</control>
				<control type="group">
					<visible>Container(9000).Hasfocus(2)</visible>
					<left>290</left>
					<top>500</top>
					<width>750</width>
					<height>40</height>
					<control type="image">
						<description>separator image</description>
						<left>0</left>
						<top>25</top>
						<width>750</width>
						<height>2</height>
						<texture>separator2.png</texture>
						<colordiffuse>40FFFFFF</colordiffuse>
					</control>
					<control type="textbox">
						<description>description area</description>
						<left>7</left>
						<top>30</top>
						<width>736</width>
						<height>85</height>
						<font>font12</font>
						<label>31821</label> <!--Pressing LT + LB + RT + RB on the controller plus the Guide button will launch the Systems Menu.-->
						<align>justify</align>
						<textcolor>white</textcolor>
						<visible>Container(9101).Hasfocus(7)</visible>
					</control>
					<control type="textbox">
						<description>description area</description>
						<left>7</left>
						<top>30</top>
						<width>736</width>
						<height>85</height>
						<font>font12</font>
						<label>31827</label><!--Hotkey Combination plus L3 pressed down, turns on the mouse driver. Pressing the Hotkey Combination again turns off the driver.-->
						<align>justify</align>
						<textcolor>white</textcolor>
						<visible>Container(9101).Hasfocus(8)</visible>
					</control>
					<control type="textbox">
						<description>description area</description>
						<left>7</left>
						<top>30</top>
						<width>736</width>
						<height>85</height>
						<font>font12</font>
						<label>31823</label> <!--"Shift window focus using Dpad Left or Dpad Right. This function can also be accessed via keyboard with Alt + Tab (Shift Right) or Shift + Alt + Tab (Shift Left)."-->
						<align>justify</align>
						<textcolor>white</textcolor>
						<visible>Container(9101).Hasfocus(9)</visible>
					</control>
					<control type="textbox">
						<description>description area</description>
						<left>7</left>
						<top>30</top>
						<width>736</width>
						<height>85</height>
						<font>font12</font>
						<label>31825</label><!--Hotkey Combination plus Dpad Up enables full screen mode. This function can also be accessed via keyboard with Alt + Enter.-->
						<align>justify</align>
						<textcolor>white</textcolor>
						<visible>Container(9101).Hasfocus(10)</visible>
					</control>
					<control type="textbox">
						<description>description area</description>
						<left>7</left>
						<top>30</top>
						<width>736</width>
						<height>85</height>
						<font>font12</font>
						<label>Coming Soon</label>
						<align>justify</align>
						<textcolor>white</textcolor>
						<visible>Container(9101).Hasfocus(11)</visible>
					</control>
				</control>
				<control type="grouplist" id="9002">
					<visible>Container(9000).Hasfocus(1)</visible>
					<left>290</left>
					<top>60</top>
					<width>750</width>
					<height>440</height>
					<itemgap>-1</itemgap>
					<pagecontrol>60</pagecontrol>
					<onleft>9102</onleft>
					<onright>9102</onright>
					<onup>9000</onup>
					<ondown>9000</ondown>
					<control type="wraplist" id="9102">
		     			<width>750</width>
						<height>440</height>
						<scrolltime>300</scrolltime>
						<focusposition>2</focusposition>
						<movement>1</movement>
						<orientation>Horizontal</orientation>
		 				<itemlayout height="440" width="750">
		                    <control type="image">
		                        <left>0</left>
		                        <width>750</width>
		                        <height>750</height>
		                    </control>
		                    <control type="image">
		                        <top>60</top>
		                        <height>350</height>
		                        <alignx>center</alignx>
		                        <width>750</width>
		                        <aspectratio>keep</aspectratio>
		                        <description>The icon</description>
		                        <texture>$INFO[ListItem.icon]</texture>
		                    </control>
		                    <control type="label">
		                        <bottom>-45</bottom>
		                        <alignx>right</alignx>
		                        <width>230</width>
		                        <height>70</height>
		                        <font>goodtime14</font>
		                        <align>center</align>
		                        <aligny>top</aligny>
		                        <label>$INFO[ListItem.Label]</label>
		                    </control>
						</itemlayout>
						<focusedlayout height="440" width="750">
							<control type="image">
		                        <top>60</top>
		                        <alignx>center</alignx>
		                        <height>350</height>
		                        <width>750</width>
		                        <align>center</align>
								<aligny>center</aligny>
		                        <aspectratio>keep</aspectratio>
		                        <description>The icon</description>
		                        <texture>$INFO[ListItem.icon]</texture>
		                    </control>
		                    <control type="label">
		                        <bottom>-45</bottom>
		                        <alignx>right</alignx>
		                        <width>230</width>
		                        <height>70</height>
		                        <font>goodtime14</font>
		                        <textcolor>white</textcolor>
		                        <align>center</align>
		                        <aligny>top</aligny>
		                        <label>$INFO[ListItem.Label]</label>
		                    </control>
						</focusedlayout>
						<content>
							<item id="10">
								<label>31852</label>
								<onclick>noop</onclick>
								<icon>alienware/X360_keyboard.png</icon>
								<thumb>-</thumb>
								<visible>yes</visible>
							</item>
							<item id="11">
								<label>31853</label>
								<onclick>noop</onclick>
								<icon>alienware/Controller_MouseDriver.png</icon>
								<thumb>-</thumb>
								<visible>yes</visible>
							</item>
							<item id="12">
								<label>31854</label>
								<onclick>noop</onclick>
								<icon>alienware/Controller_ShiftingFocus.png</icon>
								<thumb>-</thumb>
								<visible>yes</visible>
							</item>
						</content>
					</control>
				</control>
				<control type="group">
					<visible>Container(9000).Hasfocus(1)</visible>
					<left>290</left>
					<top>500</top>
					<width>750</width>
					<height>40</height>
					<control type="image">
						<description>separator image</description>
						<left>0</left>
						<top>25</top>
						<width>750</width>
						<height>2</height>
						<texture>separator2.png</texture>
						<colordiffuse>40FFFFFF</colordiffuse>
					</control>
					<control type="textbox">
						<description>description area</description>
						<left>7</left>
						<top>30</top>
						<width>736</width>
						<height>85</height>
						<font>font12</font>
						<label>Place Holder</label> 
						<align>justify</align>
						<textcolor>white</textcolor>
						<visible>Container(9101).Hasfocus(7)</visible>
					</control>
					<control type="textbox">
						<description>description area</description>
						<left>7</left>
						<top>30</top>
						<width>736</width>
						<height>85</height>
						<font>font12</font>
						<label>31827</label><!--Hotkey Combination plus L3 pressed down, turns on the mouse driver. Pressing the Hotkey Combination again turns off the driver.-->
						<align>justify</align>
						<textcolor>white</textcolor>
						<visible>Container(9101).Hasfocus(8)</visible>
					</control>
					<control type="textbox">
						<description>description area</description>
						<left>7</left>
						<top>30</top>
						<width>736</width>
						<height>85</height>
						<font>font12</font>
						<label>31823</label> <!--"Shift window focus using Dpad Left or Dpad Right. This function can also be accessed via keyboard with Alt + Tab (Shift Right) or Shift + Alt + Tab (Shift Left)."-->
						<align>justify</align>
						<textcolor>white</textcolor>
						<visible>Container(9101).Hasfocus(9)</visible>
					</control>
					<control type="textbox">
						<description>description area</description>
						<left>7</left>
						<top>30</top>
						<width>736</width>
						<height>85</height>
						<font>font12</font>
						<label>31825</label><!--Hotkey Combination plus Dpad Up enables full screen mode. This function can also be accessed via keyboard with Alt + Enter.-->
						<align>justify</align>
						<textcolor>white</textcolor>
						<visible>Container(9101).Hasfocus(10)</visible>
					</control>
					<control type="textbox">
						<description>description area</description>
						<left>7</left>
						<top>30</top>
						<width>736</width>
						<height>85</height>
						<font>font12</font>
						<label>Coming Soon</label>
						<align>justify</align>
						<textcolor>white</textcolor>
						<visible>Container(9101).Hasfocus(11)</visible>
					</control>
				</control>
				<control type="grouplist" id="9003">
					<visible>Container(9000).Hasfocus(3)</visible>
					<left>290</left>
					<top>60</top>
					<width>750</width>
					<height>440</height>
					<itemgap>-1</itemgap>
					<pagecontrol>60</pagecontrol>
					<onleft>9102</onleft>
					<onright>9102</onright>
					<onup>9000</onup>
					<ondown>9000</ondown>
					<control type="wraplist" id="9102">
		     			<width>750</width>
						<height>440</height>
						<scrolltime>300</scrolltime>
						<focusposition>2</focusposition>
						<movement>1</movement>
						<orientation>Horizontal</orientation>
		 				<itemlayout height="440" width="750">
		                    <control type="image">
		                        <left>0</left>
		                        <width>750</width>
		                        <height>750</height>
		                    </control>
		                    <control type="image">
		                        <top>60</top>
		                        <height>350</height>
		                        <alignx>center</alignx>
		                        <width>750</width>
		                        <aspectratio>keep</aspectratio>
		                        <description>The icon</description>
		                        <texture>$INFO[ListItem.icon]</texture>
		                    </control>
		                    <control type="label">
		                        <bottom>-45</bottom>
		                        <alignx>right</alignx>
		                        <width>230</width>
		                        <height>70</height>
		                        <font>goodtime14</font>
		                        <align>center</align>
		                        <aligny>top</aligny>
		                        <label>$INFO[ListItem.Label]</label>
		                    </control>
						</itemlayout>
						<focusedlayout height="440" width="750">
							<control type="image">
		                        <top>60</top>
		                        <alignx>center</alignx>
		                        <height>350</height>
		                        <width>750</width>
		                        <align>center</align>
								<aligny>center</aligny>
		                        <aspectratio>keep</aspectratio>
		                        <description>The icon</description>
		                        <texture>$INFO[ListItem.icon]</texture>
		                    </control>
		                    <control type="label">
		                        <bottom>-45</bottom>
		                        <alignx>right</alignx>
		                        <width>230</width>
		                        <height>70</height>
		                        <font>goodtime14</font>
		                        <textcolor>white</textcolor>
		                        <align>center</align>
		                        <aligny>top</aligny>
		                        <label>$INFO[ListItem.Label]</label>
		                    </control>
						</focusedlayout>
						<content>
							<item id="13">
								<label>31855</label>
								<onclick>noop</onclick>
								<icon></icon>
								<thumb>-</thumb>
								<visible>yes</visible>
							</item>
							<item id="14">
								<label>5</label>
								<onclick>noop</onclick>
								<icon></icon>
								<thumb>-</thumb>
								<visible>yes</visible>
							</item>
							<item id="15">
								<label>24001</label>
								<onclick>noop</onclick>
								<icon></icon>
								<thumb>-</thumb>
								<visible>yes</visible>
							</item>
							<item id="16">
								<label>10038</label>
								<onclick>noop</onclick>
								<icon></icon>
								<thumb>-</thumb>
								<visible>yes</visible>
							</item>
						</content>
					</control>
				</control>
				<control type="group">
					<visible>Container(9000).Hasfocus(3)</visible>
					<left>290</left>
					<top>500</top>
					<width>750</width>
					<height>40</height>
					<control type="image">
						<description>separator image</description>
						<left>0</left>
						<top>25</top>
						<width>750</width>
						<height>2</height>
						<texture>separator2.png</texture>
						<colordiffuse>40FFFFFF</colordiffuse>
					</control>
					<control type="textbox">
						<description>description area</description>
						<left>7</left>
						<top>30</top>
						<width>736</width>
						<height>85</height>
						<font>font12</font>
						<label>Place Holder</label> 
						<align>justify</align>
						<textcolor>white</textcolor>
						<visible>Container(9101).Hasfocus(7)</visible>
					</control>
					<control type="textbox">
						<description>description area</description>
						<left>7</left>
						<top>30</top>
						<width>736</width>
						<height>85</height>
						<font>font12</font>
						<label>31827</label><!--Hotkey Combination plus L3 pressed down, turns on the mouse driver. Pressing the Hotkey Combination again turns off the driver.-->
						<align>justify</align>
						<textcolor>white</textcolor>
						<visible>Container(9101).Hasfocus(8)</visible>
					</control>
					<control type="textbox">
						<description>description area</description>
						<left>7</left>
						<top>30</top>
						<width>736</width>
						<height>85</height>
						<font>font12</font>
						<label>31823</label> <!--"Shift window focus using Dpad Left or Dpad Right. This function can also be accessed via keyboard with Alt + Tab (Shift Right) or Shift + Alt + Tab (Shift Left)."-->
						<align>justify</align>
						<textcolor>white</textcolor>
						<visible>Container(9101).Hasfocus(9)</visible>
					</control>
					<control type="textbox">
						<description>description area</description>
						<left>7</left>
						<top>30</top>
						<width>736</width>
						<height>85</height>
						<font>font12</font>
						<label>31825</label><!--Hotkey Combination plus Dpad Up enables full screen mode. This function can also be accessed via keyboard with Alt + Enter.-->
						<align>justify</align>
						<textcolor>white</textcolor>
						<visible>Container(9101).Hasfocus(10)</visible>
					</control>
					<control type="textbox">
						<description>description area</description>
						<left>7</left>
						<top>30</top>
						<width>736</width>
						<height>85</height>
						<font>font12</font>
						<label>Coming Soon</label>
						<align>justify</align>
						<textcolor>white</textcolor>
						<visible>Container(9101).Hasfocus(11)</visible>
					</control>
				</control>
				<control type="grouplist" id="9004">
					<visible>Container(9000).Hasfocus(4)</visible>
					<left>290</left>
					<top>60</top>
					<width>750</width>
					<height>440</height>
					<itemgap>-1</itemgap>
					<pagecontrol>60</pagecontrol>
					<onleft>9102</onleft>
					<onright>9102</onright>
					<onup>9000</onup>
					<ondown>9000</ondown>
					<control type="wraplist" id="9102">
		     			<width>750</width>
						<height>440</height>
						<scrolltime>300</scrolltime>
						<focusposition>2</focusposition>
						<movement>1</movement>
						<orientation>Horizontal</orientation>
		 				<itemlayout height="440" width="750">
		                    <control type="image">
		                        <left>0</left>
		                        <width>750</width>
		                        <height>750</height>
		                    </control>
		                    <control type="image">
		                        <top>60</top>
		                        <height>350</height>
		                        <alignx>center</alignx>
		                        <width>750</width>
		                        <aspectratio>keep</aspectratio>
		                        <description>The icon</description>
		                        <texture>$INFO[ListItem.icon]</texture>
		                    </control>
		                    <control type="label">
		                        <bottom>-45</bottom>
		                        <alignx>right</alignx>
		                        <width>230</width>
		                        <height>70</height>
		                        <font>goodtime14</font>
		                        <align>center</align>
		                        <aligny>top</aligny>
		                        <label>$INFO[ListItem.Label]</label>
		                    </control>
						</itemlayout>
						<focusedlayout height="440" width="750">
							<control type="image">
		                        <top>60</top>
		                        <alignx>center</alignx>
		                        <height>350</height>
		                        <width>750</width>
		                        <align>center</align>
								<aligny>center</aligny>
		                        <aspectratio>keep</aspectratio>
		                        <description>The icon</description>
		                        <texture>$INFO[ListItem.icon]</texture>
		                    </control>
		                    <control type="label">
		                        <bottom>-45</bottom>
		                        <alignx>right</alignx>
		                        <width>230</width>
		                        <height>70</height>
		                        <font>goodtime14</font>
		                        <textcolor>white</textcolor>
		                        <align>center</align>
		                        <aligny>top</aligny>
		                        <label>$INFO[ListItem.Label]</label>
		                    </control>
						</focusedlayout>
						<content>
							<item id="17">
								<label>31855</label>
								<onclick>subprocess.Popen('cmd /c start http://kodi.wiki/view/Quick_start_guide')</onclick>
								<icon></icon>
								<thumb>-</thumb>
								<visible>yes</visible>
							</item>
							<item id="18">
								<label>31856</label>
								<onclick>XBMC.RunScript("special://skin\scripts\Help_Scripts\launch_basic_controls.py")</onclick>
								<icon></icon>
								<thumb>-</thumb>
								<visible>yes</visible>
							</item>
							<item id="19">
								<label>31857</label>
								<onclick>XBMC.RunScript("special://skin\scripts\Help_Scripts\launch_music.py")</onclick>
								<icon>DefaultPlaylist.png</icon>
								<thumb>-</thumb>
								<visible>yes</visible>
							</item>
							<item id="20">
								<label>31859</label>
								<onclick>subprocess.Popen('cmd /c start http://kodi.wiki/view/Add-on_manager')</onclick>
								<icon>DefaultMusicPlugins.png</icon>
								<thumb>-</thumb>
								<visible>yes</visible>
							</item>
						</content>
					</control>
				</control>
				<control type="group">
					<visible>Container(9000).Hasfocus(4)</visible>
					<left>290</left>
					<top>500</top>
					<width>750</width>
					<height>40</height>
					<control type="image">
						<description>separator image</description>
						<left>0</left>
						<top>25</top>
						<width>750</width>
						<height>2</height>
						<texture>separator2.png</texture>
						<colordiffuse>40FFFFFF</colordiffuse>
					</control>
					<control type="textbox">
						<description>description area</description>
						<left>7</left>
						<top>30</top>
						<width>736</width>
						<height>85</height>
						<font>font12</font>
						<label>Place Holder</label> 
						<align>justify</align>
						<textcolor>white</textcolor>
						<visible>Container(9101).Hasfocus(7)</visible>
					</control>
					<control type="textbox">
						<description>description area</description>
						<left>7</left>
						<top>30</top>
						<width>736</width>
						<height>85</height>
						<font>font12</font>
						<label>31827</label><!--Hotkey Combination plus L3 pressed down, turns on the mouse driver. Pressing the Hotkey Combination again turns off the driver.-->
						<align>justify</align>
						<textcolor>white</textcolor>
						<visible>Container(9101).Hasfocus(8)</visible>
					</control>
					<control type="textbox">
						<description>description area</description>
						<left>7</left>
						<top>30</top>
						<width>736</width>
						<height>85</height>
						<font>font12</font>
						<label>31823</label> <!--"Shift window focus using Dpad Left or Dpad Right. This function can also be accessed via keyboard with Alt + Tab (Shift Right) or Shift + Alt + Tab (Shift Left)."-->
						<align>justify</align>
						<textcolor>white</textcolor>
						<visible>Container(9101).Hasfocus(9)</visible>
					</control>
					<control type="textbox">
						<description>description area</description>
						<left>7</left>
						<top>30</top>
						<width>736</width>
						<height>85</height>
						<font>font12</font>
						<label>31825</label><!--Hotkey Combination plus Dpad Up enables full screen mode. This function can also be accessed via keyboard with Alt + Enter.-->
						<align>justify</align>
						<textcolor>white</textcolor>
						<visible>Container(9101).Hasfocus(10)</visible>
					</control>
					<control type="textbox">
						<description>description area</description>
						<left>7</left>
						<top>30</top>
						<width>736</width>
						<height>85</height>
						<font>font12</font>
						<label>Coming Soon</label>
						<align>justify</align>
						<textcolor>white</textcolor>
						<visible>Container(9101).Hasfocus(11)</visible>
					</control>
				</control>
				<control type="scrollbar" id="60">
					<left>1060</left>
					<top>60</top>
					<width>25</width>
					<height>530</height>
					<texturesliderbackground border="0,14,0,14">ScrollBarV.png</texturesliderbackground>
					<texturesliderbar border="0,14,0,14">ScrollBarV_bar.png</texturesliderbar>
					<texturesliderbarfocus border="0,14,0,14">ScrollBarV_bar_focus.png</texturesliderbarfocus>
					<textureslidernib>ScrollBarNib.png</textureslidernib>
					<textureslidernibfocus>ScrollBarNib.png</textureslidernibfocus>
					<onleft>2</onleft>
					<onright>9000</onright>
					<showonepage>false</showonepage>
					<orientation>vertical</orientation>
				</control>
			</control>
		</control>
		<include>CommonNowPlaying</include>
		<include>MainWindowMouseButtons</include>
		<include>BehindDialogFadeOut</include>
		<control type="image">
			<description>Section header image</description>
			<left>20</left>
			<top>3</top>
			<width>35</width>
			<height>35</height>
			<aspectratio>keep</aspectratio>
			<texture>alienware/icon_help.png</texture>
		</control>
		<include>Clock</include>
	</controls>
</window>
