<?xml version="1.0" encoding="UTF-8"?>
<window id='1100'>
  <defaultcontrol always="true">9000</defaultcontrol>
  <allowoverlay>no</allowoverlay>
  <controls>
    <include>CommonBackground</include>
    <control type="image">
      <left>0</left>
      <top>100r</top>
      <width>1280</width>
      <height>100</height>
      <!--texture>floor.png</texture-->
      <animation effect="slide" start="0,10" end="0,0" time="200" condition="Window.Previous(Home)">WindowOpen</animation>
      <animation effect="slide" start="0,0" end="0,10" time="200" condition="Window.Next(Home)">WindowClose</animation>
    </control>
    <control type="group">
      <left>90</left>
      <top>30</top>
      <animation type="WindowOpen" reversible="false">
        <effect type="zoom" start="80" end="100" center="640,360" easing="out" tween="back" time="300"/>
        <effect type="fade" start="0" end="100" time="300"/>
      </animation>
      <animation type="WindowClose" reversible="false">
        <effect type="zoom" start="100" end="80" center="640,360" easing="in" tween="back" time="300"/>
        <effect type="fade" start="100" end="0" time="300"/>
      </animation>
      <control type="image">
        <left>5</left>
        <top>5</top>
        <width>1090</width>
        <height>630</height>
        <texture border="15">ContentPanel.png</texture>
      </control>
      <control type="image">
        <left>5</left>
        <top>625</top>
        <width>1090</width>
        <height>64</height>
        <texture border="15">ContentPanelMirror.png</texture>
      </control>
      <control type="button">
        <description>Close Window button</description>
        <left>980</left>
        <top>11</top>
        <width>64</width>
        <height>32</height>
        <label>-</label>
        <font>-</font>
        <onclick>PreviousMenu</onclick>
        <texturefocus>DialogCloseButton-focus.png</texturefocus>
        <texturenofocus>DialogCloseButton.png</texturenofocus>
        <onleft>1</onleft>
        <onright>1</onright>
        <onup>1</onup>
        <ondown>1</ondown>
        <visible>system.getbool(input.enablemouse)</visible>
      </control>
      <control type="image">
        <description>LOGO</description>
        <left>30</left>
        <top>15</top>
        <width>220</width>
        <height>80</height>
        <aspectratio>keep</aspectratio>
        <texture>alienware/alienware-logo.png</texture>
      </control>
      <control type="list" id="9000">
        <left>10</left>
        <top>82</top>
        <width>260</width>
        <height>541</height>
        <onleft>9010</onleft>
        <onright>9010</onright>
        <onup>9000</onup>
        <ondown>9000</ondown>
        <pagecontrol>-</pagecontrol>
        <scrolltime>300</scrolltime>
        <itemlayout height="54" width="260">
          <control type="image">
            <left>0</left>
            <top>0</top>
            <width>260</width>
            <height>55</height>
            <texture border="5">MenuItemNF.png</texture>
          </control>
          <control type="label">
            <left>10</left>
            <top>0</top>
            <width>240</width>
            <height>55</height>
            <font>font24_title</font>
            <textcolor>grey3</textcolor>
            <align>right</align>
            <aligny>center</aligny>
            <label>$INFO[ListItem.Label]</label>
          </control>
        </itemlayout>
        <focusedlayout height="54" width="260">
          <control type="image">
            <left>0</left>
            <top>0</top>
            <width>260</width>
            <height>55</height>
            <texture border="5">MenuItemFO.png</texture>
            <animation effect="fade" start="100" end="30" time="100" condition="!Control.HasFocus(9000)">Conditional</animation>
          </control>
          <control type="label">
            <left>10</left>
            <top>0</top>
            <width>240</width>
            <height>55</height>
            <font>font24_title</font>
            <textcolor>white</textcolor>
            <align>right</align>
            <aligny>center</aligny>
            <label>$INFO[ListItem.Label]</label>
          </control>
        </focusedlayout>
        <content>
          <item id="1">
            <label>31846</label>
            <onclick>noop</onclick>
            <icon>-</icon>
          </item>
          <item id="2">
            <label>31847</label>
            <onclick>noop</onclick>
            <icon>-</icon>
          </item>
          <item id="3">
            <label>31848</label>
            <onclick>noop</onclick>
            <icon>-</icon>
          </item>
          <!--item id="4">
						<label>31849</label>
						<onclick>noop</onclick>
						<icon>-</icon>
					</item-->
        </content>
      </control>
      <control type="image">
        <left>268</left>
        <top>10</top>
        <width>800</width>
        <height>618</height>
        <texture border="5">black-back2.png</texture>
      </control>
      <control type="image">
        <left>268</left>
        <top>10</top>
        <width>800</width>
        <height>52</height>
        <texture>dialogheader.png</texture>
      </control>
      <control type="label">
        <description>header label</description>
        <left>300</left>
        <top>20</top>
        <width>726</width>
        <height>30</height>
        <font>font16</font>
        <label>31608</label>
        <align>center</align>
        <aligny>center</aligny>
        <textcolor>white</textcolor>
        <shadowcolor>black</shadowcolor>
      </control>
      <control type="group" id="9010">
        <control type="group">
          <description>Text boxes below images</description>
          <left>290</left>
          <top>500</top>
          <width>750</width>
          <height>40</height>
          <control type="image">
            <description>separator image</description>
            <left>0</left>
            <top>0</top>
            <width>750</width>
            <height>2</height>
            <texture>separator2.png</texture>
            <colordiffuse>40FFFFFF</colordiffuse>
          </control>
          <control type="textbox">
            <description>description area</description>
            <left>7</left>
            <top>30</top>
            <width>736</width>
            <height>85</height>
            <font>font12</font>
            <label>31988</label>
            <!--Pressing LT + LB + RT + RB on the controller plus the Guide button will launch the Systems Menu.-->
            <align>center</align>
            <textcolor>white</textcolor>
            <visible>Container(9000).Hasfocus(1) + Container(9101).Hasfocus(6)</visible>
          </control>
          <control type="textbox">
            <description>description area</description>
            <left>7</left>
            <top>30</top>
            <width>736</width>
            <height>85</height>
            <font>font12</font>
            <label>31988</label>
            <!--Pressing LT + LB + RT + RB on the controller plus the Guide button will launch the Systems Menu.-->
            <align>center</align>
            <textcolor>white</textcolor>
            <visible>Container(9000).Hasfocus(1) + Container(9101).Hasfocus(9)</visible>
          </control>
          <control type="textbox">
            <description>description area</description>
            <left>7</left>
            <top>30</top>
            <width>736</width>
            <height>85</height>
            <font>font12</font>
            <label>31988</label>
            <!--Pressing LT + LB + RT + RB on the controller plus the Guide button will launch the Systems Menu.-->
            <align>center</align>
            <textcolor>white</textcolor>
            <visible>Container(9000).Hasfocus(1) + Container(9101).Hasfocus(12)</visible>
          </control>
          <control type="textbox">
            <description>description area</description>
            <left>7</left>
            <top>30</top>
            <width>736</width>
            <height>85</height>
            <font>font12</font>
            <label>31821</label>
            <!--Pressing LT + LB + RT + RB on the controller plus the Guide button will launch the Systems Menu.-->
            <align>center</align>
            <textcolor>white</textcolor>
            <visible>Container(9000).Hasfocus(2) + Container(9102).Hasfocus(1)</visible>
          </control>
          <control type="textbox">
            <description>description area</description>
            <left>7</left>
            <top>30</top>
            <width>736</width>
            <height>85</height>
            <font>font12</font>
            <label>31827</label>
            <!--Hotkey Combination plus L3 pressed down, turns on the mouse driver. Pressing the Hotkey Combination again turns off the driver.-->
            <align>center</align>
            <textcolor>white</textcolor>
            <visible>Container(9000).Hasfocus(2) + Container(9102).Hasfocus(2)</visible>
          </control>
          <control type="textbox">
            <description>description area</description>
            <left>7</left>
            <top>30</top>
            <width>736</width>
            <height>85</height>
            <font>font12</font>
            <label>31823</label>
            <!--"Shift window focus using Dpad Left or Dpad Right. This function can also be accessed via keyboard with Alt + Tab (Shift Right) or Shift + Alt + Tab (Shift Left)."-->
            <align>center</align>
            <textcolor>white</textcolor>
            <visible>Container(9000).Hasfocus(2) + Container(9102).Hasfocus(3)</visible>
          </control>
          <control type="textbox">
            <description>description area</description>
            <left>7</left>
            <top>30</top>
            <width>736</width>
            <height>85</height>
            <font>font12</font>
            <label>31825</label>
            <!--Hotkey Combination plus Dpad Up enables full screen mode. This function can also be accessed via keyboard with Alt + Enter.-->
            <align>center</align>
            <textcolor>white</textcolor>
            <visible>Container(9000).Hasfocus(2) + Container(9102).Hasfocus(4)</visible>
          </control>
          <control type="textbox">
            <description>description area</description>
            <left>7</left>
            <top>30</top>
            <width>736</width>
            <height>85</height>
            <font>font12</font>
            <label>31831</label>
            <align>center</align>
            <textcolor>white</textcolor>
            <visible>Container(9000).Hasfocus(2) + Container(9102).Hasfocus(5)</visible>
          </control>
          <control type="textbox">
            <description>description area</description>
            <left>7</left>
            <top>30</top>
            <width>736</width>
            <height>85</height>
            <font>font12</font>
            <label>31833</label>
            <align>center</align>
            <textcolor>white</textcolor>
            <visible>Container(9000).Hasfocus(2) + Container(9102).Hasfocus(6)</visible>
          </control>
          <control type="textbox">
            <description>description area</description>
            <left>7</left>
            <top>30</top>
            <width>736</width>
            <height>85</height>
            <font>font12</font>
            <label>31976</label>
            <align>center</align>
            <textcolor>white</textcolor>
            <visible>Container(9000).Hasfocus(2) + Container(9102).Hasfocus(7)</visible>
          </control>
          <control type="textbox">
            <description>description area</description>
            <left>7</left>
            <top>30</top>
            <width>736</width>
            <height>85</height>
            <font>font12</font>
            <label>31963</label>
            <align>center</align>
            <textcolor>white</textcolor>
            <visible>Container(9000).Hasfocus(2) + Container(9102).Hasfocus(8)</visible>
          </control>
          <control type="textbox">
            <description>description area</description>
            <left>7</left>
            <top>30</top>
            <width>736</width>
            <height>85</height>
            <font>font12</font>
            <label>31964</label>
            <align>center</align>
            <textcolor>white</textcolor>
            <visible>Container(9000).Hasfocus(2) + Container(9102).Hasfocus(9)</visible>
          </control>
          <control type="textbox">
            <description>description area</description>
            <left>7</left>
            <top>30</top>
            <width>736</width>
            <height>85</height>
            <font>font12</font>
            <label>31965</label>
            <align>center</align>
            <textcolor>white</textcolor>
            <visible>Container(9000).Hasfocus(2) + Container(9102).Hasfocus(10)</visible>
          </control>
              <control type="textbox">
            <description>description area</description>
            <left>7</left>
            <top>30</top>
            <width>736</width>
            <height>85</height>
            <font>font12</font>
            <label>31966</label>
            <align>center</align>
            <textcolor>white</textcolor>
            <visible>Container(9000).Hasfocus(2) + Container(9102).Hasfocus(11)</visible>
          </control>
              <control type="textbox">
            <description>description area</description>
            <left>7</left>
            <top>30</top>
            <width>736</width>
            <height>85</height>
            <font>font12</font>
            <label>31967</label>
            <align>center</align>
            <textcolor>white</textcolor>
            <visible>Container(9000).Hasfocus(2) + Container(9102).Hasfocus(12)</visible>
          </control>
          <control type="textbox">
            <description>description area</description>
            <left>7</left>
            <top>30</top>
            <width>736</width>
            <height>85</height>
            <font>font12</font>
            <label>31968</label>
            <align>center</align>
            <textcolor>white</textcolor>
            <visible>Container(9000).Hasfocus(2) + Container(9102).Hasfocus(13)</visible>
          </control>
          <control type="textbox">
            <description>description area</description>
            <left>7</left>
            <top>30</top>
            <width>736</width>
            <height>85</height>
            <font>font12</font>
            <label>31969</label>
            <align>center</align>
            <textcolor>white</textcolor>
            <visible>Container(9000).Hasfocus(2) + Container(9102).Hasfocus(14)</visible>
          </control>
              <control type="textbox">
            <description>description area</description>
            <left>7</left>
            <top>30</top>
            <width>736</width>
            <height>85</height>
            <font>font12</font>
            <label>31970</label>
            <align>center</align>
            <textcolor>white</textcolor>
            <visible>Container(9000).Hasfocus(2) + Container(9102).Hasfocus(15)</visible>
          </control>
              <control type="textbox">
            <description>description area</description>
            <left>7</left>
            <top>30</top>
            <width>736</width>
            <height>85</height>
            <font>font12</font>
            <label>31971</label>
            <align>center</align>
            <textcolor>white</textcolor>
            <visible>Container(9000).Hasfocus(2) + Container(9102).Hasfocus(16)</visible>
          </control>
              <control type="textbox">
            <description>description area</description>
            <left>7</left>
            <top>30</top>
            <width>736</width>
            <height>85</height>
            <font>font12</font>
            <label>31972</label>
            <align>center</align>
            <textcolor>white</textcolor>
            <visible>Container(9000).Hasfocus(2) + Container(9102).Hasfocus(17)</visible>
          </control>
              <control type="textbox">
            <description>description area</description>
            <left>7</left>
            <top>30</top>
            <width>736</width>
            <height>85</height>
            <font>font12</font>
            <label>31973</label>
            <align>center</align>
            <textcolor>white</textcolor>
            <visible>Container(9000).Hasfocus(2) + Container(9102).Hasfocus(18)</visible>
          </control>
              <control type="textbox">
            <description>description area</description>
            <left>7</left>
            <top>30</top>
            <width>736</width>
            <height>85</height>
            <font>font12</font>
            <label>31974</label>
            <align>center</align>
            <textcolor>white</textcolor>
            <visible>Container(9000).Hasfocus(2) + Container(9102).Hasfocus(19)</visible>
          </control>
          <control type="textbox">
            <description>description area</description>
            <left>7</left>
            <top>30</top>
            <width>736</width>
            <height>85</height>
            <font>font12</font>
            <label>31975</label>
            <align>center</align>
            <textcolor>white</textcolor>
            <visible>Container(9000).Hasfocus(2) + Container(9102).Hasfocus(20)</visible>
          </control>
          <control type="textbox">
            <description>description area</description>
            <left>7</left>
            <top>30</top>
            <width>736</width>
            <height>85</height>
            <font>font12</font>
            <label>31976</label>
            <align>center</align>
            <textcolor>white</textcolor>
            <visible>Container(9000).Hasfocus(2) + Container(9102).Hasfocus(21)</visible>
          </control>
          <control type="textbox">
            <description>description area</description>
            <left>7</left>
            <top>30</top>
            <width>736</width>
            <height>85</height>
            <font>font12</font>
            <label>31866</label>
            <align>justify</align>
            <textcolor>white</textcolor>
            <visible>false</visible>
            <visible>Container(9000).Hasfocus(1) + Container(9101).Hasfocus(1)</visible>
          </control>
          <control type="textbox">
            <description>description area</description>
            <left>7</left>
            <top>30</top>
            <width>736</width>
            <height>85</height>
            <font>font12</font>
            <label>31867</label>
            <align>center</align>
            <textcolor>white</textcolor>
            <visible>false</visible>
            <visible>Container(9000).Hasfocus(1) + Container(9101).Hasfocus(2)</visible>
          </control>
          <control type="textbox">
            <description>description area</description>
            <left>7</left>
            <top>30</top>
            <width>736</width>
            <height>85</height>
            <font>font12</font>
            <label>31868</label>
            <align>justify</align>
            <textcolor>white</textcolor>
            <visible>false</visible>
            <visible>Container(9000).Hasfocus(1) + Container(9101).Hasfocus(3)</visible>
          </control>
          <control type="textbox">
            <description>description area</description>
            <left>7</left>
            <top>30</top>
            <width>736</width>
            <height>85</height>
            <font>font12</font>
            <label>31869</label>
            <visible>false</visible>
            <textcolor>white</textcolor>
            <visible>Container(9000).Hasfocus(1) + Container(9101).Hasfocus(4)</visible>
          </control>
          <control type="textbox">
            <description>description area</description>
            <left>7</left>
            <top>30</top>
            <width>736</width>
            <height>85</height>
            <font>font12</font>
            <label>31870</label>
            <align>justify</align>
            <visible>false</visible>
            <textcolor>white</textcolor>
            <visible>Container(9000).Hasfocus(1) + Container(9101).Hasfocus(5)</visible>
          </control>
        </control>
        <control type="grouplist" id="9001">
          <visible>Container(9000).Hasfocus(1)</visible>
          <left>290</left>
          <top>60</top>
          <width>750</width>
          <height>440</height>
          <itemgap>-1</itemgap>
          <pagecontrol>60</pagecontrol>
          <onleft>9102</onleft>
          <onright>9102</onright>
          <onup>9000</onup>
          <ondown>9000</ondown>
          <control type="wraplist" id="9101">
            <width>750</width>
            <height>440</height>
            <scrolltime>300</scrolltime>
            <focusposition>0</focusposition>
            <movement>1</movement>
            <orientation>Horizontal</orientation>
            <itemlayout height="440" width="750">
              <control type="image">
                <left>50</left>
                <top>20</top>
                <height>323</height>
                <width>93</width>
                <aspectratio>keep</aspectratio>
                <description>The icon</description>
                <texture>$INFO[ListItem.Property("Icon1")]</texture>
              </control>
              <control type="image">
                <left>400</left>
                <top>20</top>
                <height>323</height>
                <width>93</width>
                <aspectratio>keep</aspectratio>
                <description>The icon</description>
                <texture>$INFO[ListItem.Property("Icon2")]</texture>
              </control>
              <control type="label">
                <top>20</top>
                <left>143</left>
                <width>240</width>
                <height>40</height>
                <font>font12</font>
                <align>left</align>
                <aligny>center</aligny>
                <label>$INFO[ListItem.Property("Left1")]</label>
                <scroll>true</scroll>
              </control>
              <control type="label">
                <top>68</top>
                <left>143</left>
                <width>240</width>
                <height>40</height>
                <font>font12</font>
                <align>left</align>
                <aligny>center</aligny>
                <label>$INFO[ListItem.Property("Left2")]</label>
                <scroll>true</scroll>
              </control>
              <control type="label">
                <top>116</top>
                <left>143</left>
                <width>240</width>
                <height>40</height>
                <font>font12</font>
                <align>left</align>
                <aligny>center</aligny>
                <label>$INFO[ListItem.Property("Left3")]</label>
                <scroll>true</scroll>
              </control>
              <control type="label">
                <top>162</top>
                <left>143</left>
                <width>240</width>
                <height>40</height>
                <font>font12</font>
                <align>left</align>
                <aligny>center</aligny>
                <label>$INFO[ListItem.Property("Left4")]</label>
                <scroll>true</scroll>
              </control>
              <control type="label">
                <top>208</top>
                <left>143</left>
                <width>240</width>
                <height>40</height>
                <font>font12</font>
                <align>left</align>
                <aligny>center</aligny>
                <label>$INFO[ListItem.Property("Left5")]</label>
                <scroll>true</scroll>
              </control>
              <control type="label">
                <top>254</top>
                <left>193</left>
                <width>240</width>
                <height>40</height>
                <font>font12</font>
                <align>left</align>
                <aligny>center</aligny>
                <label>$INFO[ListItem.Property("Left6")]</label>
                <scroll>true</scroll>
              </control>
              <control type="label">
                <top>304</top>
                <left>143</left>
                <width>240</width>
                <height>40</height>
                <font>font12</font>
                <align>left</align>
                <aligny>center</aligny>
                <label>$INFO[ListItem.Property("Left7")]</label>
                <scroll>true</scroll>
              </control>
              <control type="label">
                <top>20</top>
                <left>493</left>
                <width>240</width>
                <height>40</height>
                <font>font12</font>
                <align>left</align>
                <aligny>center</aligny>
                <label>$INFO[ListItem.Property("Right1")]</label>
                <scroll>true</scroll>
              </control>
              <control type="label">
                <top>68</top>
                <left>493</left>
                <width>240</width>
                <height>40</height>
                <font>font12</font>
                <align>left</align>
                <aligny>center</aligny>
                <label>$INFO[ListItem.Property("Right2")]</label>
                <scroll>true</scroll>
              </control>
              <control type="label">
                <top>116</top>
                <left>493</left>
                <width>240</width>
                <height>40</height>
                <font>font12</font>
                <align>left</align>
                <aligny>center</aligny>
                <label>$INFO[ListItem.Property("Right3")]</label>
                <scroll>true</scroll>
              </control>
              <control type="label">
                <top>162</top>
                <left>493</left>
                <width>240</width>
                <height>40</height>
                <font>font12</font>
                <align>left</align>
                <aligny>center</aligny>
                <label>$INFO[ListItem.Property("Right4")]</label>
                <scroll>true</scroll>
              </control>
              <control type="label">
                <top>208</top>
                <left>493</left>
                <width>240</width>
                <height>40</height>
                <font>font12</font>
                <align>left</align>
                <aligny>center</aligny>
                <label>$INFO[ListItem.Property("Right5")]</label>
                <scroll>true</scroll>
              </control>
              <control type="label">
                <top>254</top>
                <left>493</left>
                <width>240</width>
                <height>40</height>
                <font>font12</font>
                <align>left</align>
                <aligny>center</aligny>
                <label>$INFO[ListItem.Property("Right6")]</label>
                <scroll>true</scroll>
              </control>
              <control type="label">
                <top>304</top>
                <left>493</left>
                <width>240</width>
                <height>40</height>
                <font>font12</font>
                <align>left</align>
                <aligny>center</aligny>
                <label>$INFO[ListItem.Property("Right7")]</label>
                <scroll>true</scroll>
              </control>
              <control type="label">
                <bottom>-45</bottom>
                <alignx>Left</alignx>
                <width>736</width>
                <height>80</height>
                <font>goodtime14</font>
                <align>center</align>
                <aligny>top</aligny>
                <label>$INFO[ListItem.Label]</label>
              </control>
            </itemlayout>
            <focusedlayout height="440" width="750">
              <control type="image">
                <left>50</left>
                <top>20</top>
                <height>323</height>
                <width>93</width>
                <aspectratio>keep</aspectratio>
                <description>The icon</description>
                <texture>$INFO[ListItem.Property("Icon1")]</texture>
              </control>
              <control type="image">
                <left>400</left>
                <top>20</top>
                <height>323</height>
                <width>93</width>
                <aspectratio>keep</aspectratio>
                <description>The icon</description>
                <texture>$INFO[ListItem.Property("Icon2")]</texture>
              </control>
              <control type="label">
                <top>20</top>
                <left>143</left>
                <width>240</width>
                <height>40</height>
                <font>font12</font>
                <align>left</align>
                <aligny>center</aligny>
                <label>$INFO[ListItem.Property("Left1")]</label>
                <scroll>true</scroll>
              </control>
              <control type="label">
                <top>68</top>
                <left>143</left>
                <width>240</width>
                <height>40</height>
                <font>font12</font>
                <align>left</align>
                <aligny>center</aligny>
                <label>$INFO[ListItem.Property("Left2")]</label>
                <scroll>true</scroll>
              </control>
              <control type="label">
                <top>116</top>
                <left>143</left>
                <width>240</width>
                <height>40</height>
                <font>font12</font>
                <align>left</align>
                <aligny>center</aligny>
                <label>$INFO[ListItem.Property("Left3")]</label>
                <scroll>true</scroll>
              </control>
              <control type="label">
                <top>162</top>
                <left>143</left>
                <width>240</width>
                <height>40</height>
                <font>font12</font>
                <align>left</align>
                <aligny>center</aligny>
                <label>$INFO[ListItem.Property("Left4")]</label>
                <scroll>true</scroll>
              </control>
              <control type="label">
                <top>208</top>
                <left>143</left>
                <width>240</width>
                <height>40</height>
                <font>font12</font>
                <align>left</align>
                <aligny>center</aligny>
                <label>$INFO[ListItem.Property("Left5")]</label>
                <scroll>true</scroll>
              </control>
              <control type="label">
                <top>254</top>
                <left>143</left>
                <width>240</width>
                <height>40</height>
                <font>font12</font>
                <align>left</align>
                <aligny>center</aligny>
                <label>$INFO[ListItem.Property("Left6")]</label>
                <scroll>true</scroll>
              </control>
              <control type="label">
                <top>304</top>
                <left>143</left>
                <width>240</width>
                <height>40</height>
                <font>font12</font>
                <align>left</align>
                <aligny>center</aligny>
                <label>$INFO[ListItem.Property("Left7")]</label>
                <scroll>true</scroll>
              </control>
              <control type="label">
                <top>20</top>
                <left>493</left>
                <width>240</width>
                <height>40</height>
                <font>font12</font>
                <align>left</align>
                <aligny>center</aligny>
                <label>$INFO[ListItem.Property("Right1")]</label>
                <scroll>true</scroll>
              </control>
              <control type="label">
                <top>68</top>
                <left>493</left>
                <width>240</width>
                <height>40</height>
                <font>font12</font>
                <align>left</align>
                <aligny>center</aligny>
                <label>$INFO[ListItem.Property("Right2")]</label>
                <scroll>true</scroll>
              </control>
              <control type="label">
                <top>116</top>
                <left>493</left>
                <width>240</width>
                <height>40</height>
                <font>font12</font>
                <align>left</align>
                <aligny>center</aligny>
                <label>$INFO[ListItem.Property("Right3")]</label>
              </control>
              <control type="label">
                <top>162</top>
                <left>493</left>
                <width>240</width>
                <height>40</height>
                <font>font12</font>
                <align>left</align>
                <aligny>center</aligny>
                <label>$INFO[ListItem.Property("Right4")]</label>
                <scroll>true</scroll>
              </control>
              <control type="label">
                <top>208</top>
                <left>493</left>
                <width>240</width>
                <height>40</height>
                <font>font12</font>
                <align>left</align>
                <aligny>center</aligny>
                <label>$INFO[ListItem.Property("Right5")]</label>
                <scroll>true</scroll>
              </control>
              <control type="label">
                <top>254</top>
                <left>493</left>
                <width>240</width>
                <height>40</height>
                <font>font12</font>
                <align>left</align>
                <aligny>center</aligny>
                <label>$INFO[ListItem.Property("Right6")]</label>
                <scroll>true</scroll>
              </control>
              <control type="label">
                <top>304</top>
                <left>493</left>
                <width>240</width>
                <height>40</height>
                <font>font12</font>
                <align>left</align>
                <aligny>center</aligny>
                <label>$INFO[ListItem.Property("Right7")]</label>
                <scroll>true</scroll>
              </control>
              <control type="label">
                <bottom>-45</bottom>
                <alignx>Left</alignx>
                <width>736</width>
                <height>80</height>
                <font>goodtime14</font>
                <textcolor>white</textcolor>
                <align>center</align>
                <aligny>top</aligny>
                <label>$INFO[ListItem.Label]</label>
              </control>
            </focusedlayout>
            <content>
              <item id="1">
                <label>$LOCALIZE[31888] (Xbox)</label>
                <onclick>noop</onclick>
                <thumb>-</thumb>
                <visible>yes</visible>
                <property name="Icon1">alienware/X360/Layout/helplayoutLeft.png</property>
                <property name="Icon2">alienware/X360/Layout/helplayoutRight.png</property>
                <property name="Left1">31877</property>
                <property name="Left2">31878</property>
                <property name="Left3">31879</property>
                <property name="Left4">31880</property>
                <property name="Left5">31977</property>
                <property name="Left6">31881</property>
                <property name="Left7">31977</property>
                <property name="Right1">31882</property>
                <property name="Right2">31883</property>
                <property name="Right3">31884</property>
                <property name="Right4">31885</property>
                <property name="Right5">31977</property>
                <property name="Right6">31886</property>
                <property name="Right7">31887</property>
              </item>
              <item id="2">
                <label>$LOCALIZE[31889] (Xbox)</label>
                <onclick>noop</onclick>
                <thumb>-</thumb>
                <visible>yes</visible>
                <property name="Icon1">alienware/X360/Layout/helplayoutLeft.png</property>
                <property name="Icon2">alienware/X360/Layout/helplayoutRight.png</property>
                <property name="Left1">31890</property>
                <property name="Left2">31891</property>
                <property name="Left3">31892</property>
                <property name="Left4">31893</property>
                <property name="Left5">31894</property>
                <property name="Left6">31977</property>
                <property name="Left7">31977</property>
                <property name="Right1">31895</property>
                <property name="Right2">31896</property>
                <property name="Right3">31977</property>
                <property name="Right4">31897</property>
                <property name="Right5">31898</property>
                <property name="Right6">31899</property>
                <property name="Right7">31900</property>
              </item>
              <item id="3">
                <label>$LOCALIZE[31853] (Xbox)</label>
                <onclick>noop</onclick>
                <thumb>-</thumb>
                <visible>yes</visible>
                <property name="Icon1">alienware/X360/Layout/helplayoutLeft.png</property>
                <property name="Icon2">alienware/X360/Layout/helplayoutRight.png</property>
                <property name="Left1">31877</property>
                <property name="Left2">31610</property>
                <property name="Left3">31611</property>
                <property name="Left4">31612</property>
                <property name="Left5">31977</property>
                <property name="Left6">31613</property>
                <property name="Left7">31977</property>
                <property name="Right1">31882</property>
                <property name="Right2">31614</property>
                <property name="Right3">31615</property>
                <property name="Right4">31616</property>
                <property name="Right5">31977</property>
                <property name="Right6">31617</property>
                <property name="Right7">31887</property>
              </item>
              <item id="4">
                <label>$LOCALIZE[31864] (Xbox)</label>
                <onclick>noop</onclick>
                <thumb>-</thumb>
                <visible>yes</visible>
                <property name="Icon1">alienware/X360/Layout/helplayoutLeft.png</property>
                <property name="Icon2">alienware/X360/Layout/helplayoutRight.png</property>
                <property name="Left1">31890</property>
                <property name="Left2">31891</property>
                <property name="Left3">31977</property>
                <property name="Left4">31618</property>
                <property name="Left5">31894</property>
                <property name="Left6">31977</property>
                <property name="Left7">31977</property>
                <property name="Right1">31895</property>
                <property name="Right2">31977</property>
                <property name="Right3">31977</property>
                <property name="Right4">31619</property>
                <property name="Right5">31898</property>
                <property name="Right6">31977</property>
                <property name="Right7">31620</property>
              </item>
              <item id="5">
                <label>$LOCALIZE[31865] (Xbox)</label>
                <onclick>noop</onclick>
                <thumb>-</thumb>
                <visible>yes</visible>
                <property name="Icon1">alienware/X360/Layout/helplayoutLeft.png</property>
                <property name="Icon2">alienware/X360/Layout/helplayoutRight.png</property>
                <property name="Left1">31890</property>
                <property name="Left2">31977</property>
                <property name="Left3">31977</property>
                <property name="Left4">31626</property>
                <property name="Left5">31624</property>
                <property name="Left6">31977</property>
                <property name="Left7">31977</property>
                <property name="Right1">31895</property>
                <property name="Right2">31621</property>
                <property name="Right3">31977</property>
                <property name="Right4">31619</property>
                <property name="Right5">31625</property>
                <property name="Right6">31977</property>
                <property name="Right7">31627</property>
              </item>
              <item id="6">
                <label>$LOCALIZE[31978] (Xbox)</label>
                <onclick>noop</onclick>
                <thumb>-</thumb>
                <visible>yes</visible>
                <property name="Icon1">alienware/X360/Layout/helplayoutLeft.png</property>
                <property name="Icon2">alienware/X360/Layout/helplayoutRight.png</property>
                <property name="Left1">31877</property>
                <property name="Left2">31610</property>
                <property name="Left3">31611</property>
                <property name="Left4">31612</property>
                <property name="Left5">31985</property>
                <property name="Left6">31613</property>
                <property name="Left7">31977</property>
                <property name="Right1">31882</property>
                <property name="Right2">31614</property>
                <property name="Right3">31615</property>
                <property name="Right4">31616</property>
                <property name="Right5">31986</property>
                <property name="Right6">31617</property>
                <property name="Right7">31887</property>
              </item>
              <item id="7">
                <label>$LOCALIZE[31979] (Xbox)</label>
                <onclick>noop</onclick>
                <thumb>-</thumb>
                <visible>yes</visible>
                <property name="Icon1">alienware/X360/Layout/helplayoutLeft.png</property>
                <property name="Icon2">alienware/X360/Layout/helplayoutRight.png</property>
                <property name="Left1">31980</property>
                <property name="Left2">31982</property>
                <property name="Left3">31977</property>
                <property name="Left4">31977</property>
                <property name="Left5">31977</property>
                <property name="Left6">31985</property>
                <property name="Left7">31977</property>
                <property name="Right1">31981</property>
                <property name="Right2">31983</property>
                <property name="Right3">31984</property>
                <property name="Right4">31977</property>
                <property name="Right5">31977</property>
                <property name="Right6">31992</property>
                <property name="Right7">31987</property>
              </item>
              <item id="8">
                <label>$LOCALIZE[31888] (DS4)</label>
                <onclick>noop</onclick>
                <thumb>-</thumb>
                <visible>yes</visible>
                <property name="Icon1">alienware/PS4/Layout/PS4_Helplayout1.png</property>
                <property name="Icon2">alienware/PS4/Layout/PS4_Helplayout2.png</property>
                <property name="Left1">31877</property>
                <property name="Left2">31878</property>
                <property name="Left3">31879</property>
                <property name="Left4">31880</property>
                <property name="Left5">31977</property>
                <property name="Left6">31881</property>
                <property name="Left7">31977</property>
                <property name="Right1">31882</property>
                <property name="Right2">31883</property>
                <property name="Right3">31884</property>
                <property name="Right4">31885</property>
                <property name="Right5">31977</property>
                <property name="Right6">31886</property>
                <property name="Right7">31887</property>
              </item>
              <item id="9">
                <label>$LOCALIZE[31978] (DS4)</label>
                <onclick>noop</onclick>
                <thumb>-</thumb>
                <visible>yes</visible>
                <property name="Icon1">alienware/PS4/Layout/PS4_Helplayout1.png</property>
                <property name="Icon2">alienware/PS4/Layout/PS4_Helplayout2.png</property>
                <property name="Left1">31877</property>
                <property name="Left2">31610</property>
                <property name="Left3">31611</property>
                <property name="Left4">31612</property>
                <property name="Left5">31985</property>
                <property name="Left6">31613</property>
                <property name="Left7">31977</property>
                <property name="Right1">31882</property>
                <property name="Right2">31614</property>
                <property name="Right3">31615</property>
                <property name="Right4">31616</property>
                <property name="Right5">31986</property>
                <property name="Right6">31617</property>
                <property name="Right7">31887</property>
              </item>
              <item id="10">
                <label>$LOCALIZE[31979] (DS4)</label>
                <onclick>noop</onclick>
                <thumb>-</thumb>
                <visible>yes</visible>
                <property name="Icon1">alienware/PS4/Layout/PS4_Helplayout1.png</property>
                <property name="Icon2">alienware/PS4/Layout/PS4_Helplayout2.png</property>
                <property name="Left1">31980</property>
                <property name="Left2">31982</property>
                <property name="Left3">31977</property>
                <property name="Left4">31977</property>
                <property name="Left5">31977</property>
                <property name="Left6">31985</property>
                <property name="Left7">31977</property>
                <property name="Right1">31981</property>
                <property name="Right2">31983</property>
                <property name="Right3">31984</property>
                <property name="Right4">31977</property>
                <property name="Right5">31977</property>
                <property name="Right6">31992</property>
                <property name="Right7">31987</property>
              </item>
              <item id="11">
                <property name="Icon1">alienware/Steam/Layout/SteamHelplayout1.png</property>
                <property name="Icon2">alienware/Steam/Layout/SteamHelplayout2.png</property>
                <label>$LOCALIZE[31888] (Steam)</label>
                <onclick>noop</onclick>
                <thumb>-</thumb>
                <visible>yes</visible>
                <property name="Left1">31877</property>
                <property name="Left2">31878</property>
                <property name="Left3">31879</property>
                <property name="Left4">31880</property>
                <property name="Left5">31977</property>
                <property name="Left6">31977</property>
                <property name="Left7">31977</property>
                <property name="Right1">31882</property>
                <property name="Right2">31883</property>
                <property name="Right3">31884</property>
                <property name="Right4">31885</property>
                <property name="Right5">31977</property>
                <property name="Right6">31881</property>
                <property name="Right7">31887</property>
              </item>
              <item id="12">
                <property name="Icon1">alienware/Steam/Layout/SteamHelplayout1.png</property>
                <property name="Icon2">alienware/Steam/Layout/SteamHelplayout2.png</property>
                <label>$LOCALIZE[31978] (Steam)</label>
                <onclick>noop</onclick>
                <thumb>-</thumb>
                <visible>yes</visible>
                <property name="Left1">31877</property>
                <property name="Left2">31610</property>
                <property name="Left3">31611</property>
                <property name="Left4">31612</property>
                <property name="Left5">31985</property>
                <property name="Left6">31977</property>
                <property name="Left7">31977</property>
                <property name="Right1">31882</property>
                <property name="Right2">31614</property>
                <property name="Right3">31615</property>
                <property name="Right4">31616</property>
                <property name="Right5">31986</property>
                <property name="Right6">31617</property>
                <property name="Right7">31887</property>
              </item>
              <item id="13">
                <property name="Icon1">alienware/Steam/Layout/SteamHelplayout1.png</property>
                <property name="Icon2">alienware/Steam/Layout/SteamHelplayout2.png</property>
                <label>$LOCALIZE[31979] (Steam)</label>
                <onclick>noop</onclick>
                <thumb>-</thumb>
                <visible>yes</visible>
                <property name="Left1">31980</property>
                <property name="Left2">31982</property>
                <property name="Left3">31977</property>
                <property name="Left4">31977</property>
                <property name="Left5">31977</property>
                <property name="Left6">31977</property>
                <property name="Left7">31977</property>
                <property name="Right1">31981</property>
                <property name="Right2">31983</property>
                <property name="Right3">31984</property>
                <property name="Right4">31977</property>
                <property name="Right5">31977</property>
                <property name="Right6">31992</property>
                <property name="Right7">31987</property>
              </item>
            </content>
          </control>
        </control>
        <control type="grouplist" id="9002">
          <visible>Container(9000).Hasfocus(2)</visible>
          <left>290</left>
          <top>60</top>
          <width>750</width>
          <height>440</height>
          <itemgap>-1</itemgap>
          <pagecontrol>60</pagecontrol>
          <onleft>9000</onleft>
          <onright>9000</onright>
          <onup>9000</onup>
          <ondown>9000</ondown>
          <control type="wraplist" id="9102">
            <width>750</width>
            <height>440</height>
            <onleft>9101</onleft>
            <onright>9101</onright>
            <scrolltime>300</scrolltime>
            <focusposition>0</focusposition>
            <movement>1</movement>
            <orientation>Horizontal</orientation>
            <itemlayout height="440" width="750">
              <control type="image">
                <left>0</left>
                <width>750</width>
                <height>750</height>
              </control>
              <control type="image">
                <top>60</top>
                <height>350</height>
                <alignx>center</alignx>
                <width>750</width>
                <aspectratio>keep</aspectratio>
                <description>The icon</description>
                <texture>$INFO[ListItem.icon]</texture>
              </control>
              <control type="label">
                <bottom>-45</bottom>
                <alignx>right</alignx>
                <width>750</width>
                <height>80</height>
                <font>goodtime14</font>
                <align>center</align>
                <aligny>top</aligny>
                <label>$INFO[ListItem.Label]</label>
              </control>
            </itemlayout>
            <focusedlayout height="440" width="750">
              <control type="image">
                <top>60</top>
                <alignx>center</alignx>
                <height>350</height>
                <width>750</width>
                <align>center</align>
                <aligny>center</aligny>
                <aspectratio>keep</aspectratio>
                <description>The icon</description>
                <texture>$INFO[ListItem.icon]</texture>
              </control>
              <control type="label">
                <bottom>-45</bottom>
                <alignx>right</alignx>
                <width>750</width>
                <height>80</height>
                <font>goodtime14</font>
                <textcolor>white</textcolor>
                <align>center</align>
                <aligny>top</aligny>
                <label>$INFO[ListItem.Label]</label>
              </control>
            </focusedlayout>
            <content>
              <item id="1">
                <label>$LOCALIZE[31810] (Xbox)</label>
                <onclick>noop</onclick>
                <icon>Alienware/X360/Hotkeys/Controller_GuideMenu.png</icon>
                <thumb>-</thumb>
                <visible>yes</visible>
              </item>
              <item id="2">
                <label>$LOCALIZE[31813] (Xbox)</label>
                <onclick>noop</onclick>
                <icon>Alienware/X360/Hotkeys/Controller_MouseDriver.png</icon>
                <thumb>-</thumb>
                <visible>yes</visible>
              </item>
              <item id="3">
                <label>$LOCALIZE[31811] (Xbox)</label>
                <onclick>noop</onclick>
                <icon>Alienware/X360/Hotkeys/Controller_ShiftingFocus.png</icon>
                <thumb>-</thumb>
                <visible>yes</visible>
              </item>
              <item id="4">
                <label>$LOCALIZE[31812] (Xbox)</label>
                <onclick>noop</onclick>
                <icon>Alienware/X360/Hotkeys/Controller_FullScreen.png</icon>
                <thumb>-</thumb>
                <visible>yes</visible>
              </item>
              <item id="5">
                <label>$LOCALIZE[31830] (Xbox)</label>
                <onclick>noop</onclick>
                <icon>Alienware/X360/Hotkeys/Controller_CloseApp.png</icon>
                <thumb>-</thumb>
                <visible>yes</visible>
              </item>
              <item id="6">
                <label>$LOCALIZE[31832] (Xbox)</label>
                <onclick>noop</onclick>
                <icon>Alienware/X360/Hotkeys/Controller_DisableHotKey.png</icon>
                <thumb>-</thumb>
                <visible>yes</visible>
              </item>
              <item id="7">
                <label>$LOCALIZE[31961] (Xbox)</label>
                <onclick>noop</onclick>
                <icon>Alienware/X360/Hotkeys/Xbox360_ConsoleKeyboard.png</icon>
                <thumb>-</thumb>
                <visible>yes</visible>
              </item>
              <item id="8">
                <label>$LOCALIZE[31810] (DS4)</label>
                <onclick>noop</onclick>
                <icon>Alienware/PS4/Hotkeys/PS4_Controller_SystemMenu.png</icon>
                <thumb>-</thumb>
                <visible>yes</visible>
              </item>
              <item id="9">
                <label>$LOCALIZE[31813] (DS4)</label>
                <onclick>noop</onclick>
                <icon>Alienware/PS4/Hotkeys/PS4_Controller_MouseControl.png</icon>
                <thumb>-</thumb>
                <visible>yes</visible>
              </item>
              <item id="10">
                <label>$LOCALIZE[31811] (DS4)</label>
                <onclick>noop</onclick>
                <icon>Alienware/PS4/Hotkeys/PS4_Controller_ShiftFocus.png</icon>
                <thumb>-</thumb>
                <visible>yes</visible>
              </item>
              <item id="11">
                <label>$LOCALIZE[31812] (DS4)</label>
                <onclick>noop</onclick>
                <icon>Alienware/PS4/Hotkeys/PS4_Controller_FullScreen.png</icon>
                <thumb>-</thumb>
                <visible>yes</visible>
              </item>
              <item id="12">
                <label>$LOCALIZE[31830] (DS4)</label>
                <onclick>noop</onclick>
                <icon>Alienware/PS4/Hotkeys/PS4_Controller_CloseApp.png</icon>
                <thumb>-</thumb>
                <visible>yes</visible>
              </item>
              <item id="13">
                <label>$LOCALIZE[31832] (DS4)</label>
                <onclick>noop</onclick>
                <icon>Alienware/PS4/Hotkeys/PS4_Controller_TurnOffHotkeys.png</icon>
                <thumb>-</thumb>
                <visible>yes</visible>
              </item>
              <item id="14">
                <label>$LOCALIZE[31961] (DS4)</label>
                <onclick>noop</onclick>
                <icon>Alienware/PS4/Hotkeys/PS4_Controller_ConsoleKeyboard.png</icon>
                <thumb>-</thumb>
                <visible>yes</visible>
              </item>
              <item id="15">
                <label>$LOCALIZE[31810] (Steam)</label>
                <onclick>noop</onclick>
                <icon>Alienware/Steam/Hotkeys/Steam_SystemMenu.png</icon>
                <thumb>-</thumb>
                <visible>yes</visible>
              </item>
              <item id="16">
                <label>$LOCALIZE[31813] (Steam)</label>
                <onclick>noop</onclick>
                <icon>Alienware/Steam/Hotkeys/Steam_EnableMouse.png</icon>
                <thumb>-</thumb>
                <visible>yes</visible>
              </item>
              <item id="17">
                <label>$LOCALIZE[31811] (Steam)</label>
                <onclick>noop</onclick>
                <icon>Alienware/Steam/Hotkeys/Steam_ShiftFocus.png</icon>
                <thumb>-</thumb>
                <visible>yes</visible>
              </item>
              <item id="18">
                <label>$LOCALIZE[31812] (Steam)</label>
                <onclick>noop</onclick>
                <icon>Alienware/Steam/Hotkeys/Steam_FullScreen.png</icon>
                <thumb>-</thumb>
                <visible>yes</visible>
              </item>
              <item id="19">
                <label>$LOCALIZE[31830] (Steam)</label>
                <onclick>noop</onclick>
                <icon>Alienware/Steam/Hotkeys/Steam_CloseApp.png</icon>
                <thumb>-</thumb>
                <visible>yes</visible>
              </item>
               <item id="20">
                <label>$LOCALIZE[31832] (Steam)</label>
                <onclick>noop</onclick>
                <icon>Alienware/Steam/Hotkeys/Steam_TurnOffHotkeys.png</icon>
                <thumb>-</thumb>
                <visible>yes</visible>
              </item>
              <item id="21">
                <label>$LOCALIZE[31961] (Steam)</label>
                <onclick>noop</onclick>
                <icon>Alienware/Steam/Hotkeys/Steam_ConsoleKeyboard.png</icon>
                <thumb>-</thumb>
                <visible>yes</visible>
              </item>
            </content>
          </control>
        </control>
        <control type="grouplist" id="9003">
          <visible>Container(9000).Hasfocus(3)</visible>
          <left>290</left>
          <top>60</top>
          <width>750</width>
          <height>440</height>
          <itemgap>-1</itemgap>
          <pagecontrol>60</pagecontrol>
          <onleft>9102</onleft>
          <onright>9102</onright>
          <onup>9000</onup>
          <ondown>9000</ondown>
          <control type="wraplist" id="9103">
            <width>750</width>
            <height>440</height>
            <scrolltime>300</scrolltime>
            <focusposition>0</focusposition>
            <movement>1</movement>
            <orientation>Horizontal</orientation>
            <itemlayout height="440" width="750">
              <control type="image">
                <left>0</left>
                <width>750</width>
                <height>750</height>
              </control>
              <control type="image">
                <top>40</top>
                <height>350</height>
                <alignx>center</alignx>
                <width>750</width>
                <aspectratio>keep</aspectratio>
                <description>The icon</description>
                <texture>$INFO[ListItem.icon]</texture>
              </control>
              <control type="label">
                <bottom>-45</bottom>
                <alignx>Left</alignx>
                <width>750</width>
                <height>80</height>
                <font>goodtime14</font>
                <align>center</align>
                <aligny>top</aligny>
                <label>$INFO[ListItem.Label]</label>
              </control>
            </itemlayout>
            <focusedlayout height="440" width="750">
              <control type="image">
                <top>40</top>
                <alignx>center</alignx>
                <height>350</height>
                <width>750</width>
                <align>center</align>
                <aligny>center</aligny>
                <aspectratio>keep</aspectratio>
                <description>The icon</description>
                <texture>$INFO[ListItem.icon]</texture>
              </control>
              <control type="label">
                <bottom>-45</bottom>
                <alignx>Left</alignx>
                <width>750</width>
                <height>80</height>
                <font>goodtime14</font>
                <textcolor>white</textcolor>
                <align>center</align>
                <aligny>top</aligny>
                <label>$INFO[ListItem.Label]</label>
              </control>
            </focusedlayout>
            <content>
              <item id="1">
                <label>31855</label>
                <onclick>playmedia("special://skin\scripts\Help_Scripts\Quick_Start_Guide.strm")</onclick>
                <icon>alienware\help_images\help_quick_start_guide.png</icon>
                <thumb>-</thumb>
                <visible>yes</visible>
              </item>
              <item id="2">
                <label>31874</label>
                <onclick>playmedia("special://skin\scripts\Help_Scripts\Hotkeys.strm")</onclick>
                <icon>alienware\help_images\help_hotkeys.png</icon>
                <thumb>-</thumb>
                <visible>yes</visible>
              </item>
              <item id="3">
                <label>31989</label>
                <onclick>playmedia("special://skin\scripts\Help_Scripts\Settings.strm")</onclick>
                <icon>alienware\help_images\help_settings.png</icon>
                <thumb>-</thumb>
                <visible>yes</visible>
              </item>
              <item id="4">
                <label>31990</label>
                <onclick>playmedia("special://skin\scripts\Help_Scripts\Addons.strm")</onclick>
                <icon>alienware\help_images\help_addons.png</icon>
                <thumb>-</thumb>
                <visible>yes</visible>
              </item>
              <item id="5">
                <label>31873</label>
                <onclick>playmedia("special://skin\scripts\Help_Scripts\Advanced.strm")</onclick>
                <icon>alienware\help_images\help_advanced.png</icon>
                <thumb>-</thumb>
                <visible>false</visible>
              </item>
            </content>
          </control>
        </control>
        <control type="grouplist" id="9004">
          <visible>Container(9000).Hasfocus(4)</visible>
          <left>290</left>
          <top>60</top>
          <width>750</width>
          <height>440</height>
          <itemgap>-1</itemgap>
          <pagecontrol>60</pagecontrol>
          <onleft>9102</onleft>
          <onright>9102</onright>
          <onup>9000</onup>
          <ondown>9000</ondown>
          <control type="wraplist" id="9104">
            <width>750</width>
            <height>440</height>
            <scrolltime>300</scrolltime>
            <focusposition>0</focusposition>
            <movement>1</movement>
            <orientation>Horizontal</orientation>
            <itemlayout height="440" width="750">
              <control type="image">
                <left>0</left>
                <width>750</width>
                <height>750</height>
              </control>
              <control type="image">
                <top>60</top>
                <height>350</height>
                <alignx>center</alignx>
                <width>750</width>
                <aspectratio>keep</aspectratio>
                <description>The icon</description>
                <texture>$INFO[ListItem.icon]</texture>
              </control>
              <control type="label">
                <bottom>-45</bottom>
                <alignx>Left</alignx>
                <width>300</width>
                <height>80</height>
                <font>goodtime14</font>
                <align>center</align>
                <aligny>top</aligny>
                <label>$INFO[ListItem.Label]</label>
              </control>
            </itemlayout>
            <focusedlayout height="440" width="750">
              <control type="image">
                <top>60</top>
                <alignx>center</alignx>
                <height>350</height>
                <width>750</width>
                <align>center</align>
                <aligny>center</aligny>
                <aspectratio>keep</aspectratio>
                <description>The icon</description>
                <texture>$INFO[ListItem.icon]</texture>
              </control>
              <control type="label">
                <bottom>-45</bottom>
                <alignx>Left</alignx>
                <width>300</width>
                <height>80</height>
                <font>goodtime14</font>
                <textcolor>white</textcolor>
                <align>center</align>
                <aligny>top</aligny>
                <label>$INFO[ListItem.Label]</label>
              </control>
            </focusedlayout>
            <content>
              <item id="1">
                <label>31855</label>
                <onclick>XBMC.RunScript("special://skin\scripts\Help_Scripts\launch_wiki_quick_start.py")</onclick>
                <icon></icon>
                <thumb>-</thumb>
                <visible>yes</visible>
              </item>
              <item id="2">
                <label>31856</label>
                <onclick>XBMC.RunScript("special://skin\scripts\Help_Scripts\launch_wiki_basic_controls.py")</onclick>
                <icon></icon>
                <thumb>-</thumb>
                <visible>yes</visible>
              </item>
              <item id="3">
                <label>31857</label>
                <onclick>XBMC.RunScript("special://skin\scripts\Help_Scripts\launch_wiki_music.py")</onclick>
                <icon>DefaultPlaylist.png</icon>
                <thumb>-</thumb>
                <visible>yes</visible>
              </item>
              <item id="4">
                <label>31859</label>
                <onclick>XBMC.RunScript("special://skin\scripts\Help_Scripts\launch_wiki_addons.py")</onclick>
                <icon>DefaultMusicPlugins.png</icon>
                <thumb>-</thumb>
                <visible>yes</visible>
              </item>
            </content>
          </control>
        </control>
        <control type="scrollbar" id="60">
          <left>1060</left>
          <top>60</top>
          <width>25</width>
          <height>530</height>
          <texturesliderbackground border="0,14,0,14">ScrollBarV.png</texturesliderbackground>
          <texturesliderbar border="0,14,0,14">ScrollBarV_bar.png</texturesliderbar>
          <texturesliderbarfocus border="0,14,0,14">ScrollBarV_bar_focus.png</texturesliderbarfocus>
          <textureslidernib>ScrollBarNib.png</textureslidernib>
          <textureslidernibfocus>ScrollBarNib.png</textureslidernibfocus>
          <onleft>2</onleft>
          <onright>9000</onright>
          <showonepage>false</showonepage>
          <orientation>vertical</orientation>
        </control>
        <control type="button">
          <description>left Arrow</description>
          <left>265</left>
          <top>465</top>
          <width>30</width>
          <height>40</height>
          <texturefocus>scroll-left-focus.png</texturefocus>
          <texturenofocus>scroll-left-focus.png</texturenofocus>
        </control>
        <control type="button">
          <description>right Arrow</description>
          <left>1035</left>
          <top>465</top>
          <width>30</width>
          <height>40</height>
          <texturefocus>scroll-right-focus.png</texturefocus>
          <texturenofocus>scroll-right-focus.png</texturenofocus>
        </control>
      </control>
    </control>
    <include>CommonNowPlaying</include>
    <include>MainWindowMouseButtons</include>
    <include>BehindDialogFadeOut</include>
    <control type="image">
      <description>Section header image</description>
      <left>20</left>
      <top>3</top>
      <width>35</width>
      <height>35</height>
      <aspectratio>keep</aspectratio>
      <texture>Alienware/icons/icon_help.png</texture>
    </control>
    <include>Clock</include>
  </controls>
</window>
