<?xml version="1.0" encoding="UTF-8" standalone="yes"?>
<addon id="repository.alienware" name="Alienware Kodi Repo" version="0.0.5" provider-name="Alienware">
        <extension point="xbmc.addon.repository" name="Alienware's Kodi addons">
                <info compressed="false">https://raw.github.com/alienwaresoftware/Kodi/master/addons.xml</info>
                <checksum>https://raw.github.com/alienwaresoftware/Kodi/master/addons.xml.md5</checksum>
                <datadir zip="false">https://raw.github.com/alienwaresoftware/Kodi/master</datadir>
        </extension>
        <extension point="xbmc.addon.metadata">
                <summary>Alienware's Kodi Repo</summary>
                <description>Alienware's Kodi Repo</description>
                <disclaimer></disclaimer>
                <platform>all</platform>
        </extension>
</addon>


