<?xml version="1.0" encoding="UTF-8" standalone="yes"?>
<addon id="script.aw.steam.launcher" name="HiveMind Steam Launcher" version="1.0.4" provider-name="Alienware">
    <requires>
        <import addon="xbmc.python" version="2.1.0"/>
        <import addon="service.aw.customizations"/>
    </requires>
    <extension point="xbmc.python.script" library="launch_steam.py">
        <provides>executable</provides>
    </extension>
    <extension point="xbmc.addon.metadata">
        <platform>all</platform>
        <summary lang="en">Steam</summary>
        <language></language>
        <description lang="en">Steam</description>
        <license>GNU GENERAL PUBLIC LICENSE. Version 2, June 1991</license>
        <source>Alienware</source>
        <forum></forum>
        <email></email>
        <website></website>
    </extension>
</addon>
