﻿<?xml version="1.0" encoding="UTF-8" standalone="yes"?>
<addon id="plugin.program.aw.programlauncher" name="HiveMind Program Launcher" version="1.0.2" provider-name="Alienware">
  <requires>
    <import addon="xbmc.python" version="2.1.0"/>
    <import addon="service.aw.customizations"/>
    <import addon="script.service.aw.bootprogramlauncher"/>
    <import addon="script.aw.huluweb.launcher"/>
    <import addon="script.aw.web.launcher"/>
    <import addon="script.aw.facebookweb.launcher"/>
    <import addon="script.aw.gfe.launcher"/>
    <import addon="script.aw.googlechrome.launcher"/>
    <import addon="script.aw.netflixweb.launcher"/>
  </requires>
  <extension point="xbmc.python.pluginsource" library="addon.py">
    <provides>executable</provides>
  </extension>
  <extension point="xbmc.addon.metadata">
    <platform>all</platform>
    <disclaimer>For Kodi Helix</disclaimer>
    <summary lang="en">HiveMind Program Launcher</summary>
    <description lang="en">HiveMind Program Launcher</description>
  </extension>
</addon>
