<?xml version="1.0" encoding="UTF-8"?>
<window>
  <defaultcontrol always="true">9000</defaultcontrol>
  <allowoverlay>yes</allowoverlay>
  <controls>
    <include>CommonBackground</include>
    <include>dialogeffect</include>
    <control type="label">
      <description>Welcome to alpha ui</description>
      <font>goodtime10</font>
      <top>70</top>
      <textcolor>blue</textcolor>
      <width>500</width>
      <height>50</height>
      <left>170</left>
      <label>31600</label>
	  <scroll>true</scroll>
    </control>
    <control type="group">
      <top>180</top>
      <left>55</left>
      <control type="list" id="9000">
        <width>1250</width>
        <height>400</height>
        <onleft>9000</onleft>
        <onright>9000</onright>
        <ondown>9001</ondown>
        <focusposition>1</focusposition>
        <movement>1</movement>
        <orientation>Horizontal</orientation>
        <itemlayout height="280" width="235">
          <control type="image">
            <left>0</left>
            <width>230</width>
            <height>265</height>
            <texture>alienware/Power_box.png</texture>
          </control>
          <control type="image">
            <top>60</top>
            <height>80</height>
            <alignx>center</alignx>
            <width>230</width>
            <aspectratio>keep</aspectratio>
            <description>The icon</description>
            <texture>$INFO[ListItem.icon]</texture>
          </control>
          <control type="label">
            <top>180</top>
            <alignx>center</alignx>
            <width>230</width>
            <height>70</height>
            <font>goodtime14</font>
            <align>center</align>
            <aligny>top</aligny>
            <label>$INFO[ListItem.Label]</label>
          </control>
        </itemlayout>
        <focusedlayout height="280" width="235">
          <control type="image">
            <left>0</left>
            <height>265</height>
            <width>2</width>
            <texture>alienware/white_border.png</texture>
          </control>
          <control type="image">
            <left>0</left>
            <height>2</height>
            <width>230</width>
            <texture>alienware/white_border.png</texture>
          </control>
          <control type="image">
            <left>230</left>
            <height>265</height>
            <width>2</width>
            <texture>alienware/white_border.png</texture>
          </control>
          <control type="image">
            <top>265</top>
            <left>0</left>
            <height>2</height>
            <width>230</width>
            <texture>alienware/white_border.png</texture>
          </control>
          <control type="image">
            <left>0</left>
            <width>230</width>
            <height>265</height>
            <texture>alienware/power_selected.png</texture>
          </control>
          <control type="image">
            <top>60</top>
            <alignx>center</alignx>
            <height>80</height>
            <width>230</width>
            <aspectratio>keep</aspectratio>
            <description>The icon</description>
            <texture>$INFO[ListItem.icon]</texture>
          </control>
          <control type="label">
            <top>180</top>
            <alignx>center</alignx>
            <width>230</width>
            <height>70</height>
            <font>goodtime14</font>
            <textcolor>white</textcolor>
            <align>center</align>
            <aligny>top</aligny>
            <label>$INFO[ListItem.Label]</label>
          </control>
        </focusedlayout>
        <content>
          <item>
            <label>[UPPERCASE]$INFO[Skin.String(HomeMenuButton1Title)][/UPPERCASE]</label>
            <onclick>RunPlugin($INFO[Skin.String(HomeMenuButton1)])</onclick>
            <icon>$INFO[Skin.String(HomeMenuButton1Image)]</icon>
            <thumb>-</thumb>
            <visible>!IsEmpty(Skin.String(HomeMenuButton1))</visible>
          </item>
          <item id="91">
            <label>[UPPERCASE]$LOCALIZE[15016][/UPPERCASE]</label>
            <!-- Launch Games -->
            <onclick>RunAddon(plugin.program.aw.gamelauncher)</onclick>
            <icon>alienware/icons/icon_games.png</icon>
          </item>
          <item id="94">
            <label>[UPPERCASE]$LOCALIZE[31957][/UPPERCASE]</label>
            <!-- Programs -->
            <onclick>RunAddon(plugin.program.aw.programlauncher)</onclick>
            <icon>alienware/icons/icon_programs.png</icon>
          </item>
          <item id="93">
            <label>[UPPERCASE]$LOCALIZE[31608][/UPPERCASE]</label>
            <!-- help -->
            <icon>alienware/icons/icon_help.png</icon>
            <onclick>ActivateWindow(1100)</onclick>
            <visible>IsEmpty(Skin.String(HomeMenuButton1))</visible>
          </item>
          <item id="92">
            <label>[UPPERCASE]$LOCALIZE[31606][/UPPERCASE]</label>
            <!-- settings -->
            <onclick>ActivateWindow(Settings)</onclick>
            <icon>alienware/icons/icon_settings.png</icon>
          </item>
          <item id="90">
            <label>[UPPERCASE]$LOCALIZE[31604][/UPPERCASE]</label>
            <!-- POWER -->
            <onclick>ActivateWindow(ShutdownMenu)</onclick>
            <icon>alienware/icons/icon_power.png</icon>
          </item>
        </content>
      </control>
    </control>
    <include>Clock</include>
    <control type="label">
      <description>Date label</description>
      <right>20</right>
      <top>35</top>
      <width>200</width>
      <height>15</height>
      <align>right</align>
      <aligny>center</aligny>
      <font>font10</font>
      <textcolor>white</textcolor>
      <shadowcolor>black</shadowcolor>
      <label>$INFO[System.Date]</label>
      <include>Window_OpenClose_Animation</include>
      <animation effect="slide" start="0,0" end="-40,0" time="100" condition="Window.IsVisible(Mutebug)">conditional</animation>
    </control>
  </controls>
</window>
