<?xml version="1.0" encoding="UTF-8" standalone="yes"?>
<addon  id="script.module.aw.devicesettings" 
        name="HiveMind Device Settings" 
        version="1.0.4" 
        provider-name="Alienware">
  <requires>
    <import addon="xbmc.python" version="2.1.0"/>
    <import addon="service.aw.customizations"/>
  </requires>
  <extension point="xbmc.python.script" library="devicesettings.py">
  </extension>
  <extension point="xbmc.addon.metadata">
    <platform>all</platform>
    <minversion>1</minversion>
    <summary lang="en">HiveMind Device Settings</summary>
    <summary lang="ar">HiveMind إعدادات جهاز</summary>
    <summary lang="pt_BR">Configurações do dispositivo HiveMind</summary>
    <summary lang="bg">Настройки на устройството HiveMind</summary>
    <summary lang="da">HiveMind enhedsindstillinger</summary>
    <summary lang="nl">HiveMind apparaatinstellingen</summary>
    <summary lang="fi">HiveMind laiteasetukset</summary>
    <summary lang="fr">Paramètres du périphérique HiveMind</summary>
    <summary lang="de">HiveMind-Geräteeinstellungen</summary>
    <summary lang="hu">HiveMind eszközbeállítások</summary>
    <summary lang="pt">Definições do dispositivo HiveMind</summary>
    <summary lang="it">Impostazioni dispositivo HiveMind</summary>
    <summary lang="ja">HiveMind デバイス設定</summary>
    <summary lang="ko">HiveMind 장치 설정</summary>
    <summary lang="no">HiveMind-enhetsinnstillinger</summary>
    <summary lang="pl">Ustawienia urządzeń HiveMind</summary>
    <summary lang="ru">Параметры устройств HiveMind</summary>
    <summary lang="zh">HiveMind 设备设置</summary>
    <summary lang="es">Configuración de dispositivo de HiveMind</summary>
    <summary lang="sv">HiveMind Enhetsinställningar</summary>
    <summary lang="zh_TW">HiveMind 裝置設定</summary>    
    <description lang="en">HiveMind Device Settings</description>
    <description lang="ar">HiveMind إعدادات جهاز</description>
    <description lang="pt_BR">Configurações do dispositivo HiveMind</description>
    <description lang="bg">Настройки на устройството HiveMind</description>
    <description lang="da">HiveMind enhedsindstillinger</description>
    <description lang="nl">HiveMind apparaatinstellingen</description>
    <description lang="fi">HiveMind laiteasetukset</description>
    <description lang="fr">Paramètres du périphérique HiveMind</description>
    <description lang="de">HiveMind-Geräteeinstellungen</description>
    <description lang="hu">HiveMind eszközbeállítások</description>
    <description lang="pt">Definições do dispositivo HiveMind</description>
    <description lang="it">Impostazioni dispositivo HiveMind</description>
    <description lang="ja">HiveMind デバイス設定</description>
    <description lang="ko">HiveMind 장치 설정</description>
    <description lang="no">HiveMind-enhetsinnstillinger</description>
    <description lang="pl">Ustawienia urządzeń HiveMind</description>
    <description lang="ru">Параметры устройств HiveMind</description>
    <description lang="zh">HiveMind 设备设置</description>
    <description lang="es">Configuración de dispositivo de HiveMind</description>
    <description lang="sv">HiveMind Enhetsinställningar</description>
    <description lang="zh_TW">HiveMind 裝置設定</description>
  </extension>
</addon>
