<?xml version="1.0" encoding="UTF-8" standalone="yes"?>
<addon  id="service.aw.backgrounds" 
        name="HiveMind Backgrounds" 
        version="1.0.2" 
        provider-name="Alienware">
  <requires>
    <import addon="xbmc.python" version="2.1.0"/>
  </requires>
  <extension point="xbmc.service"
             library="install_backgrounds.py" start="startup">
  </extension>
  <extension point="xbmc.addon.metadata">
    <platform>all</platform>
    <minversion>1</minversion>
    <summary lang="en">HiveMind Backgrounds</summary>
    <summary lang="ar">HiveMind خلفيات</summary>
    <summary lang="pt_BR">Planos de fundo HiveMind</summary>
    <summary lang="bg">Фонове на HiveMind</summary>
    <summary lang="da">HiveMind baggrunde</summary>
    <summary lang="nl">HiveMind-achtergronden</summary>
    <summary lang="fi">HiveMind taustakuvat</summary>
    <summary lang="fr">Arrière-plans HiveMind</summary>
    <summary lang="de">HiveMind-Hintergründe</summary>
    <summary lang="hu">HiveMind hátterek</summary>
    <summary lang="pt">Fundos HiveMind</summary>
    <summary lang="it">Sfondi HiveMind</summary>
    <summary lang="ja">HiveMind 背景</summary>
    <summary lang="ko">HiveMind 배경</summary>
    <summary lang="no">HiveMind-bakgrunner</summary>
    <summary lang="pl">Tła HiveMind</summary>
    <summary lang="ru">Фоны HiveMind</summary>
    <summary lang="zh">HiveMind 背景</summary>
    <summary lang="es">Fondos de HiveMind</summary>
    <summary lang="sv">HiveMind Bakgrunder</summary>
    <summary lang="zh_TW">HiveMind 背景</summary>    
    <description lang="en">HiveMind Backgrounds</description>
    <description lang="ar">HiveMind خلفيات</description>
    <description lang="pt_BR">Planos de fundo HiveMind</description>
    <description lang="bg">Фонове на HiveMind</description>
    <description lang="da">HiveMind baggrunde</description>
    <description lang="nl">HiveMind-achtergronden</description>
    <description lang="fi">HiveMind taustakuvat</description>
    <description lang="fr">Arrière-plans HiveMind</description>
    <description lang="de">HiveMind-Hintergründe</description>
    <description lang="hu">HiveMind hátterek</description>
    <description lang="pt">Fundos HiveMind</description>
    <description lang="it">Sfondi HiveMind</description>
    <description lang="ja">HiveMind 背景</description>
    <description lang="ko">HiveMind 배경</description>
    <description lang="no">HiveMind-bakgrunner</description>
    <description lang="pl">Tła HiveMind</description>
    <description lang="ru">Фоны HiveMind</description>
    <description lang="zh">HiveMind 背景</description>
    <description lang="es">Fondos de HiveMind</description>
    <description lang="sv">HiveMind Bakgrunder</description>
    <description lang="zh_TW">HiveMind 背景</description>
  </extension>
</addon>
