<?xml version="1.0" encoding="UTF-8" standalone="yes"?>
<addon  id="script.module.aw.devicesettings" 
        name="AlienUI Device Settings Service" 
        version="0.0.1" 
        provider-name="Alienware">
  <requires>
    <import addon="xbmc.python" version="2.1.0"/>
  </requires>
  <extension point="xbmc.service" library="service.py" start="startup">
  </extension>
  <extension point="xbmc.addon.metadata">
    <platform>all</platform>
    <minversion>1</minversion>
    <summary lang="en">AlienUI Device Settings Service</summary>
    <description lang="en">AlienUI Device Settings Service</description>
  </extension>
</addon>
