<?xml version="1.0" encoding="UTF-8" standalone="yes"?>
<addon id="script.aw.background.installer" name="AlienUI Background Installer" version="0.0.1" provider-name="Alienware">
    <requires>
        <import addon="xbmc.python" version="2.1.0"/>
    </requires>
    <extension point="xbmc.python.script" library="background_installer.py">
        <provides>executable</provides>
    </extension>
    <extension point="xbmc.addon.metadata">
        <platform>all</platform>
        <summary lang="en">Installs Alienware background images into your Kodi Home/Media directory.</summary>
        <language></language>
        <description lang="en">AlienUI Background Installer</description>
        <license>GNU GENERAL PUBLIC LICENSE. Version 2, June 1991</license>
        <source>Alienware</source>
        <forum></forum>
        <email></email>
        <website></website>
    </extension>
</addon>
