<?xml version="1.0" encoding="UTF-8"?>
<window>
  <defaultcontrol always="true">101</defaultcontrol>
  <allowoverlay>no</allowoverlay>
  <controls>
    <control type="image">
      <description>Normal Default Background Image</description>
      <left>0</left>
      <top>0</top>
      <width>1280</width>
      <height>720</height>
      <aspectratio>scale</aspectratio>
      <texture>alienware/background.jpg</texture>
      <visible>![Skin.HasSetting(UseCustomBackground) + !IsEmpty(Skin.String(CustomBackgroundPath))]</visible>
      <animation effect="fade" time="300">Visible</animation>
      <animation effect="fade" time="300">Hidden</animation>
    </control>
    <control type="image">
      <description>User Set Background Image</description>
      <left>0</left>
      <top>0</top>
      <width>1280</width>
      <height>720</height>
      <aspectratio alignx="center">scale</aspectratio>
      <texture>$INFO[Skin.String(CustomBackgroundPath)]</texture>
      <visible>Skin.HasSetting(UseCustomBackground) + !IsEmpty(Skin.String(CustomBackgroundPath))</visible>
      <animation effect="fade" time="300">Visible</animation>
      <animation effect="fade" time="300">Hidden</animation>
    </control>
    <control type="image">
      <left>0</left>
      <top>100r</top>
      <width>1280</width>
      <height>100</height>
      <animation effect="slide" start="0,10" end="0,0" time="200" condition="Window.Previous(Home)">WindowOpen</animation>
      <animation effect="slide" start="0,0" end="0,10" time="200" condition="Window.Next(Home)">WindowClose</animation>
    </control>
    <control type="group">
      <left>90</left>
      <top>30</top>
      <animation type="WindowOpen" reversible="false">
        <effect type="zoom" start="80" end="100" center="640,360" easing="out" tween="back" time="300"/>
        <effect type="fade" start="0" end="100" time="300"/>
      </animation>
      <animation type="WindowClose" reversible="false">
        <effect type="zoom" start="100" end="80" center="640,360" easing="in" tween="back" time="300"/>
        <effect type="fade" start="100" end="0" time="300"/>
      </animation>
      <control type="image">
        <left>5</left>
        <top>5</top>
        <width>1090</width>
        <height>630</height>
        <texture border="15">alienware/ContentPanel.png</texture>
      </control>
      <control type="image">
        <left>5</left>
        <top>625</top>
        <width>1090</width>
        <height>64</height>
        <texture border="15">alienware/ContentPanelMirror.png</texture>
      </control>
      <control type="button">
        <description>Close Window button</description>
        <left>980</left>
        <top>11</top>
        <width>64</width>
        <height>32</height>
        <label>-</label>
        <font>-</font>
        <onclick>PreviousMenu</onclick>
        <texturefocus>alienware/DialogCloseButton-focus.png</texturefocus>
        <texturenofocus>alienware/DialogCloseButton.png</texturenofocus>
        <onleft>1</onleft>
        <onright>1</onright>
        <onup>1</onup>
        <ondown>1</ondown>
        <visible>system.getbool(input.enablemouse)</visible>
      </control>
      <control type="image">
        <description>LOGO</description>
        <left>30</left>
        <top>15</top>
        <width>220</width>
        <height>80</height>
        <aspectratio>keep</aspectratio>
        <texture>alienware/alienware-logo.png</texture>
      </control>
      <control type="list" id="101">
        <left>10</left>
        <top>82</top>
        <width>260</width>
        <height>541</height>
        <onleft>9000</onleft>
        <onright>102</onright>
        <onup>101</onup>
        <ondown>101</ondown>
        <pagecontrol>-</pagecontrol>
        <scrolltime>300</scrolltime>
        <itemlayout height="54" width="260">
          <control type="image">
            <left>0</left>
            <top>0</top>
            <width>260</width>
            <height>55</height>
            <texture border="5">alienware/MenuItemNF.png</texture>
          </control>
          <control type="label">
            <left>10</left>
            <top>0</top>
            <width>240</width>
            <height>55</height>
            <font>font24_title</font>
            <textcolor>grey3</textcolor>
            <align>right</align>
            <aligny>center</aligny>
            <label>$INFO[ListItem.Label]</label>
          </control>
        </itemlayout>
        <focusedlayout height="54" width="260">
          <control type="image">
            <left>0</left>
            <top>0</top>
            <width>260</width>
            <height>55</height>
            <texture border="5">alienware/MenuItemFO.png</texture>
          </control>
          <control type="label">
            <left>10</left>
            <top>0</top>
            <width>240</width>
            <height>55</height>
            <font>font24_title</font>
            <textcolor>white</textcolor>
            <align>right</align>
            <aligny>center</aligny>
            <label>$INFO[ListItem.Label]</label>
          </control>
        </focusedlayout>
        <content>
          <item id="1">
            <label>$ADDON[script.module.aw.devicesettings 33001]</label>
            <label2>$ADDON[script.module.aw.devicesettings 33011]</label2>
            <onclick>-</onclick>
            <icon>-</icon>
          </item>
          <item id="2">
            <label>$ADDON[script.module.aw.devicesettings 33002]</label>
            <label2>$ADDON[script.module.aw.devicesettings 33012]</label2>
            <onclick>-</onclick>
            <icon>-</icon>
          </item>
          <item id="3">
            <label>$ADDON[script.module.aw.devicesettings 33003]</label>
            <label2>$ADDON[script.module.aw.devicesettings 33013]</label2>
            <onclick>-</onclick>
          </item>
          <item id="4">
            <label>$ADDON[script.module.aw.devicesettings 33004]</label>
            <label2>$ADDON[script.module.aw.devicesettings 33040]</label2>
            <onclick>-</onclick>
          </item>
          <item id="5">
            <label>$ADDON[script.module.aw.devicesettings 33060]</label>
            <label2>$ADDON[script.module.aw.devicesettings 33061]</label2>
            <onclick>-</onclick>
          </item>
        </content>
      </control>
      <control type="image">
        <left>268</left>
        <top>10</top>
        <width>800</width>
        <height>618</height>
        <texture border="5">alienware/black-back2.png</texture>
      </control>
      <control type="image">
        <left>268</left>
        <top>10</top>
        <width>804</width>
        <height>54</height>
        <texture>alienware/dialogheader.png</texture>
      </control>
      <control type="label">
        <description>header label</description>
        <left>300</left>
        <top>20</top>
        <width>740</width>
        <height>30</height>
        <font>font16</font>
        <label>$ADDON[script.module.aw.devicesettings 33010]</label>
        <align>center</align>
        <aligny>center</aligny>
        <textcolor>white</textcolor>
        <shadowcolor>black</shadowcolor>
      </control>
      <control type="group" id="102">
        <left>290</left>
        <top>70</top>
        <height>515</height>
        <onleft>101</onleft>
        <control type="grouplist" id="105">
          <description>control area</description>
          <defaultcontrol>107</defaultcontrol>
          <orientation>vertical</orientation>
          <visible>Container(101).Position(0)</visible>
          <width>750</width>
          <height>435</height>
          <itemgap>3</itemgap>
          <control type="group">
            <description>control area</description>
            <orientation>vertical</orientation>
            <width>740</width>
            <height>42</height>
            <control type="image">
              <left>0</left>
              <top>0</top>
              <width>740</width>
              <height>40</height>
              <texture border="5">alienware/MenuItemNF.png</texture>
              <visible>!Control.HasFocus(107)</visible>
            </control>
            <control type="image">
              <left>0</left>
              <top>0</top>
              <width>740</width>
              <height>40</height>
              <texture border="5">alienware/MenuItemFO.png</texture>
              <visible>Control.HasFocus(107)</visible>
            </control>
            <control type="label">
              <left>20</left>
              <top>0</top>
              <width>300</width>
              <height>40</height>
              <font>font13</font>
              <textcolor>white</textcolor>
              <align>left</align>
              <aligny>center</aligny>
              <scroll>true</scroll>
              <label>$ADDON[script.module.aw.devicesettings 33014]</label>
            </control>
            <control type="label" id="106">
              <left>330</left>
              <top>0</top>
              <width>400</width>
              <height>40</height>
              <font>font13</font>
              <textcolor>white</textcolor>
              <align>right</align>
              <aligny>center</aligny>
              <scroll>true</scroll>
              <label>-</label>
            </control>
            <control type="button" id="107">
              <left>0</left>
              <top>0</top>
              <width>740</width>
              <height>50</height>
              <onright>101</onright>
              <onleft>101</onleft>
              <onup>114</onup>
              <ondown>109</ondown>
              <texturenofocus>alienware/blank.png</texturenofocus>
              <texturefocus>alienware/blank.png</texturefocus>
              <visible>true</visible>
            </control>
          </control>
          <control type="group">
            <description>control area</description>
            <orientation>vertical</orientation>
            <width>740</width>
            <height>42</height>
            <enable>Control.IsEnabled(108)</enable>
            <control type="image">
              <left>0</left>
              <top>0</top>
              <width>740</width>
              <height>40</height>
              <texture border="5">alienware/MenuItemNF.png</texture>
              <visible>!Control.HasFocus(109)</visible>
            </control>
            <control type="image">
              <left>0</left>
              <top>0</top>
              <width>740</width>
              <height>40</height>
              <texture border="5">alienware/MenuItemFO.png</texture>
              <visible>Control.HasFocus(109)</visible>
            </control>
            <control type="label">
              <left>20</left>
              <top>0</top>
              <width>300</width>
              <height>40</height>
              <font>font13</font>
              <textcolor>white</textcolor>
              <align>left</align>
              <aligny>center</aligny>
              <scroll>true</scroll>
              <enable>Control.IsEnabled(108)</enable>
              <label>$ADDON[script.module.aw.devicesettings 33016]</label>
            </control>
            <control type="label" id="108">
              <left>330</left>
              <right>20</right>
              <top>0</top>
              <width>400</width>
              <height>40</height>
              <font>font13</font>
              <scroll>true</scroll>
              <textcolor>white</textcolor>
              <align>right</align>
              <aligny>center</aligny>
            </control>
            <control type="button" id="109">
              <left>0</left>
              <top>0</top>
              <width>740</width>
              <height>50</height>
              <onup>107</onup>
              <ondown condition="Control.IsEnabled(112)">112</ondown>
              <ondown condition="!Control.IsEnabled(112)">113</ondown>
              <onright>101</onright>
              <onleft>101</onleft>
              <texturenofocus>alienware/blank.png</texturenofocus>
              <texturefocus>alienware/blank.png</texturefocus>
              <visible>true</visible>
            </control>
          </control>
          <control type="group">
            <description>control area</description>
            <orientation>vertical</orientation>
            <width>740</width>
            <height>42</height>
            <control type="image">
              <left>0</left>
              <top>0</top>
              <width>740</width>
              <height>40</height>
              <texture border="5">alienware/MenuItemNF.png</texture>
              <visible>!Control.HasFocus(112) | !Control.HasFocus(113)</visible>
            </control>
            <control type="image">
              <left>0</left>
              <top>0</top>
              <width>740</width>
              <height>40</height>
              <texture border="5">alienware/MenuItemFO.png</texture>
              <visible>Control.HasFocus(112) | Control.HasFocus(113)</visible>
            </control>
            <control type="label">
              <left>20</left>
              <top>0</top>
              <width>300</width>
              <height>40</height>
              <font>font13</font>
              <textcolor>white</textcolor>
              <align>left</align>
              <aligny>center</aligny>
              <label>$ADDON[script.module.aw.devicesettings 33017]</label>
            </control>
            <control type="button" id="112">
              <description>Slider Minus Button</description>
              <top>5</top>
              <left>335</left>
              <height>30</height>
              <width>45</width>
              <onup>109</onup>
              <ondown>114</ondown>
              <onright>113</onright>
              <onleft>101</onleft>
              <label>[B]-[/B]</label>
              <align>center</align>
              <aligny>center</aligny>
              <font>font13</font>
              <texturefocus border="5">alienware/button-focus.png</texturefocus>
              <texturenofocus border="5">alienware/button-nofocus.png</texturenofocus>
              <visible>system.getbool(input.enablemouse)</visible>
            </control>
            <control type="label" id="110">
              <description>slider percentage label</description>
              <left>380</left>
              <width>60</width>
              <top>0</top>
              <height>40</height>
              <font>font13</font>
              <textcolor>white</textcolor>
              <align>right</align>
              <aligny>center</aligny>
            </control>
            <control type="slider" id="111">
              <description>Volume slider control</description>
              <left>455</left>
              <top>11</top>
              <width>200</width>
              <height>20</height>
              <onup>109</onup>
              <ondown>114</ondown>
              <onright>101</onright>
              <onleft>101</onleft>
              <enable>false</enable>
              <texturefocus border="5">alienware/blank.png</texturefocus>
              <texturenofocus border="5">alienware/blank.png</texturenofocus>
              <texturesliderbar>alienware/osd_slider_bg.png</texturesliderbar>
              <textureslidernib>alienware/osd_slider_nibNF.png</textureslidernib>
              <textureslidernibfocus>alienware/osd_slider_nib.png</textureslidernibfocus>
              <font>font13</font>
              <textcolor>white</textcolor>
              <disabledcolor>80FFFFFF</disabledcolor>
              <align>right</align>
              <aligny>center</aligny>
              <label>-</label>
            </control>
            <control type="button" id="113">
              <description>Slider Plus Button</description>
              <top>5</top>
              <left>675</left>
              <height>30</height>
              <width>45</width>
              <onup>109</onup>
              <ondown>114</ondown>
              <onright>101</onright>
              <onleft>112</onleft>
              <label>[B]+[/B]</label>
              <align>center</align>
              <aligny>center</aligny>
              <font>font13</font>
              <texturefocus border="5">alienware/button-focus.png</texturefocus>
              <texturenofocus border="5">alienware/button-nofocus.png</texturenofocus>
              <visible>system.getbool(input.enablemouse)</visible>
            </control>
          </control>
          <control type="group">
            <description>control area</description>
            <orientation>vertical</orientation>
            <width>740</width>
            <height>42</height>
            <control type="image">
              <left>0</left>
              <top>0</top>
              <width>740</width>
              <height>40</height>
              <texture border="5">alienware/MenuItemNF.png</texture>
              <visible>!Control.HasFocus(114)</visible>
            </control>
            <control type="image">
              <left>0</left>
              <top>0</top>
              <width>740</width>
              <height>40</height>
              <texture border="5">alienware/MenuItemFO.png</texture>
              <visible>Control.HasFocus(114)</visible>
            </control>
            <control type="radiobutton" id="114">
              <description>Audio Mute Radio Button</description>
              <type>radiobutton</type>
              <left>12</left>
              <top>0</top>
              <width>740</width>
              <label>$ADDON[script.module.aw.devicesettings 33059]</label>
              <visible>true</visible>
              <aligny>center</aligny>
              <radiowidth>24</radiowidth>
              <radioheight>24</radioheight>
              <textureradioonfocus>alienware/radiobutton-focus.png</textureradioonfocus>
              <textureradioonnofocus>alienware/radiobutton-focus.png</textureradioonnofocus>
              <textureradioofffocus>alienware/radiobutton-nofocus.png</textureradioofffocus>
              <textureradiooffnofocus>alienware/radiobutton-nofocus.png</textureradiooffnofocus>
              <texturefocus>alienware/blank.png</texturefocus>
              <texturenofocus>alienware/blank.png</texturenofocus>
              <radioposx>680</radioposx>
              <onleft>101</onleft>
              <onright>101</onright>
              <onup condition="Control.IsEnabled(112)">112</onup>
              <onup condition="!Control.IsEnabled(112)">113</onup>
              <ondown>107</ondown>
              <textoffsetx>10</textoffsetx>
              <height>40</height>
              <font>font13</font>
              <textcolor>white</textcolor>
              <focusedcolor>white</focusedcolor>
            </control>
          </control>
        </control>
        <control type="grouplist" id="115">
          <description>control area</description>
          <defaultcontrol>116</defaultcontrol>
          <orientation>vertical</orientation>
          <visible>Container(101).Position(1)</visible>
          <width>750</width>
          <height>435</height>
          <itemgap>3</itemgap>
          <control type="group" id="116">
            <top>0</top>
            <left>0</left>
            <height>45</height>
            <width>740</width>
            <visible>true</visible>
            <control type="button" id="117">
              <description>Left Button</description>
              <top>0</top>
              <left>50</left>
              <width>30</width>
              <height>45</height>
              <align>left</align>
              <textoffsetx>7</textoffsetx>
              <aligny>center</aligny>
              <texturenofocus flipx="true">alienware/arrow.png</texturenofocus>
              <texturefocus flipx="true">alienware/circlearrow.png</texturefocus>
              <label>-</label>
              <onright>119</onright>
              <onleft>101</onleft>
            </control>
            <control type="button" id="119">
              <description>Right Button</description>
              <top>0</top>
              <left>415</left>
              <width>30</width>
              <height>45</height>
              <align>right</align>
              <textoffsetx>6</textoffsetx>
              <aligny>center</aligny>
              <texturenofocus>alienware/arrow.png</texturenofocus>
              <texturefocus>alienware/circlearrow.png</texturefocus>
              <label>-</label>
              <onright>101</onright>
              <onleft>117</onleft>
            </control>
            <control type="button" id="120">
              <left>0</left>
              <width>50</width>
              <height>45</height>
              <texturefocus>alienware/blank.png</texturefocus>
              <texturenofocus>alienware/blank.png</texturenofocus>
            </control>
            <control type="button" id="121">
              <left>80</left>
              <width>335</width>
              <height>45</height>
              <texturefocus>alienware/blank.png</texturefocus>
              <texturenofocus>alienware/blank.png</texturenofocus>
            </control>
            <control type="button">
              <left>445</left>
              <width>5</width>
              <height>45</height>
              <texturefocus>alienware/blank.png</texturefocus>
              <texturenofocus>alienware/blank.png</texturenofocus>
            </control>
            <control type="image">
              <left>0</left>
              <top>0</top>
              <height>45</height>
              <visible>ControlGroup(116).HasFocus()</visible>
              <texture border="5">alienware/MenuItemFO.png</texture>
            </control>
            <control type="image">
              <left>0</left>
              <top>0</top>
              <height>45</height>
              <visible>!ControlGroup(116).HasFocus()</visible>
              <texture border="5">alienware/MenuItemNF.png</texture>
            </control>
            <control type="label" id="118">
              <left>0</left>
              <top>0</top>
              <height>0</height>
              <align>left</align>
              <aligny>center</aligny>
              <textcolor>white</textcolor>
              <visible>false</visible>
            </control>
          </control>
          <control type="group" id="124">
            <top>45</top>
            <left>0</left>
            <height>45</height>
            <width>740</width>
            <visible>true</visible>
            <control type="button" id="125">
              <description>Left Button</description>
              <top>0</top>
              <left>50</left>
              <width>30</width>
              <height>45</height>
              <align>left</align>
              <textoffsetx>7</textoffsetx>
              <aligny>center</aligny>
              <texturenofocus flipx="true">alienware/arrow.png</texturenofocus>
              <texturefocus flipx="true">alienware/circlearrow.png</texturefocus>
              <label>-</label>
              <onright>127</onright>
              <onleft>101</onleft>
            </control>
            <control type="button" id="127">
              <description>Right Button</description>
              <top>0</top>
              <left>415</left>
              <width>30</width>
              <height>45</height>
              <align>right</align>
              <textoffsetx>6</textoffsetx>
              <aligny>center</aligny>
              <texturenofocus>alienware/arrow.png</texturenofocus>
              <texturefocus>alienware/circlearrow.png</texturefocus>
              <label>-</label>
              <onright>101</onright>
              <onleft>125</onleft>
            </control>
            <control type="button" id="128">
              <left>0</left>
              <width>50</width>
              <height>45</height>
              <texturefocus>alienware/blank.png</texturefocus>
              <texturenofocus>alienware/blank.png</texturenofocus>
            </control>
            <control type="button" id="129">
              <left>80</left>
              <width>335</width>
              <height>45</height>
              <texturefocus>alienware/blank.png</texturefocus>
              <texturenofocus>alienware/blank.png</texturenofocus>
            </control>
            <control type="button">
              <left>445</left>
              <width>5</width>
              <height>45</height>
              <texturefocus>alienware/blank.png</texturefocus>
              <texturenofocus>alienware/blank.png</texturenofocus>
            </control>
            <control type="image">
              <left>0</left>
              <top>0</top>
              <height>45</height>
              <visible>ControlGroup(124).HasFocus()</visible>
              <texture border="5">alienware/MenuItemFO.png</texture>
            </control>
            <control type="image">
              <left>0</left>
              <top>0</top>
              <height>45</height>
              <visible>!ControlGroup(124).HasFocus()</visible>
              <texture border="5">alienware/MenuItemNF.png</texture>
            </control>
            <control type="label" id="126">
              <left>0</left>
              <top>0</top>
              <height>0</height>
              <align>left</align>
              <aligny>center</aligny>
              <textcolor>white</textcolor>
              <visible>false</visible>
            </control>
          </control>
          <control type="group" id="134">
            <top>90</top>
            <left>0</left>
            <height>45</height>
            <width>740</width>
            <visible>true</visible>
            <control type="button" id="135">
              <description>Left Button</description>
              <top>0</top>
              <left>50</left>
              <width>30</width>
              <height>45</height>
              <align>left</align>
              <textoffsetx>7</textoffsetx>
              <aligny>center</aligny>
              <texturenofocus flipx="true">alienware/arrow.png</texturenofocus>
              <texturefocus flipx="true">alienware/circlearrow.png</texturefocus>
              <label>-</label>
              <onright>138</onright>
              <onleft>101</onleft>
            </control>
            <control type="image" id="136">
              <left>85</left>
              <top>15</top>
              <width>1</width>
              <height>15</height>
              <aligny>center</aligny>
              <visible>true</visible>
              <texture>alienware/sliderbg.png</texture>
            </control>
            <control type="label" id="137">
              <description>Value</description>
              <top>0</top>
              <left>355</left>
              <width>60</width>
              <height>45</height>
              <align>center</align>
              <aligny>center</aligny>
              <textcolor>white</textcolor>
              <shadowcolor>black</shadowcolor>
            </control>
            <control type="button" id="138">
              <description>Right Button</description>
              <top>0</top>
              <left>415</left>
              <width>30</width>
              <height>45</height>
              <align>right</align>
              <textoffsetx>6</textoffsetx>
              <aligny>center</aligny>
              <texturenofocus>alienware/arrow.png</texturenofocus>
              <texturefocus>alienware/circlearrow.png</texturefocus>
              <label>-</label>
              <onright>101</onright>
              <onleft>135</onleft>
            </control>
            <control type="button" id="139">
              <left>0</left>
              <width>50</width>
              <height>45</height>
              <texturefocus>alienware/blank.png</texturefocus>
              <texturenofocus>alienware/blank.png</texturenofocus>
            </control>
            <control type="button" id="140">
              <left>80</left>
              <width>335</width>
              <height>45</height>
              <texturefocus>alienware/blank.png</texturefocus>
              <texturenofocus>alienware/blank.png</texturenofocus>
            </control>
            <control type="button">
              <left>445</left>
              <width>5</width>
              <height>45</height>
              <texturefocus>alienware/blank.png</texturefocus>
              <texturenofocus>alienware/blank.png</texturenofocus>
            </control>
            <control type="image">
              <left>0</left>
              <top>0</top>
              <height>45</height>
              <visible>ControlGroup(134).HasFocus()</visible>
              <texture border="5">alienware/MenuItemFO.png</texture>
            </control>
            <control type="image">
              <left>0</left>
              <top>0</top>
              <height>45</height>
              <visible>!ControlGroup(134).HasFocus()</visible>
              <texture border="5">alienware/MenuItemNF.png</texture>
            </control>
          </control>
        </control>
        <control type="grouplist" id="145">
          <description>control area</description>
          <defaultcontrol>146</defaultcontrol>
          <orientation>vertical</orientation>
          <visible>Container(101).Position(2)</visible>
          <width>750</width>
          <height>435</height>
          <itemgap>3</itemgap>
          <control type="label">
            <left>10</left>
            <height>30</height>
            <width>700</width>
            <aligny>center</aligny>
            <font>font13</font>
            <label>$ADDON[script.module.aw.devicesettings 33058]</label>
          </control>
          <control type="image">
            <description>separator image</description>
            <left>10</left>
            <width>750</width>
            <height>2</height>
            <texture>alienware/separator2.png</texture>
            <colordiffuse>40FFFFFF</colordiffuse>
          </control>
          <control type="label">
            <left>20</left>
            <height>30</height>
            <width>700</width>
            <aligny>center</aligny>
            <font>font13</font>
            <label>  $LOCALIZE[13295] $INFO[System.InternetState]</label>
          </control>
          <control type="label" id="147">
            <left>20</left>
            <height>30</height>
            <width>700</width>
            <aligny>center</aligny>
            <font>font13</font>
            <label>  $INFO[Network.LinkState]</label>
          </control>
          <control type="image">
            <description>separator image</description>
            <left>10</left>
            <top>525</top>
            <width>750</width>
            <height>2</height>
            <texture>alienware/separator2.png</texture>
            <colordiffuse>40FFFFFF</colordiffuse>
          </control>
          <control type="label">
            <left>10</left>
            <height>30</height>
            <width>700</width>
            <aligny>center</aligny>
            <font>font13</font>
            <label>$ADDON[script.module.aw.devicesettings 33022]</label>
          </control>
          <control type="list" id="146">
            <description>Wireless list</description>
            <left>10</left>
            <height>270</height>
            <viewtype label="3D list">list</viewtype>
            <focusposition>2</focusposition>
            <orientation>vertical</orientation>
            <onleft>101</onleft>
            <onright>101</onright>
            <itemlayout width="740" height="45">
              <control type="image">
                <left>0</left>
                <top>0</top>
                <width>740</width>
                <height>45</height>
                <texture border="5">alienware/MenuItemNF.png</texture>
              </control>
              <control type="label">
                <top>0</top>
                <left>10</left>
                <width>500</width>
                <height>45</height>
                <font>font13</font>
                <aligny>center</aligny>
                <info>ListItem.Label</info>
              </control>
              <control type="image">
                <width>15</width>
                <height>15</height>
                <left>520</left>
                <top>15</top>
                <texture>alienware/wifi/whitelock.png</texture>
                <visible>SubString(ListItem.Property(SecurityEnabled),True)</visible>
              </control>
              <control type="image">
                <width>22</width>
                <height>15</height>
                <aspectratio>keep</aspectratio>
                <left>675</left>
                <top>15</top>
                <info>ListItem.Icon</info>
                <visible>SubString(ListItem.Property(Connected),False)</visible>
              </control>
              <control type="label">
                <top>0</top>
                <height>45</height>
                <left>540</left>
                <width>170</width>
                <aligny>center</aligny>
                <align>right</align>
                <scroll>true</scroll>
                <font>font13</font>
                <label>$ADDON[script.module.aw.devicesettings 33030]</label>
                <visible>SubString(ListItem.Property(Connected),True)</visible>
              </control>
            </itemlayout>
            <focusedlayout width="740" height="45">
              <control type="image">
                <left>0</left>
                <top>0</top>
                <width>740</width>
                <height>45</height>
                <texture border="5">alienware/MenuItemFO.png</texture>
                <visible>Control.HasFocus(146)</visible>
              </control>
              <control type="label">
                <top>0</top>
                <left>10</left>
                <width>500</width>
                <height>45</height>
                <font>font13</font>
                <aligny>center</aligny>
                <info>ListItem.Label</info>
              </control>
              <control type="image">
                <width>15</width>
                <height>15</height>
                <left>520</left>
                <top>15</top>
                <texture>alienware/wifi/whitelock.png</texture>
                <visible>SubString(ListItem.Property(SecurityEnabled),True)</visible>
              </control>
              <control type="image">
                <width>22</width>
                <height>15</height>
                <aspectratio>keep</aspectratio>
                <left>675</left>
                <top>15</top>
                <info>ListItem.Icon</info>
                <visible>SubString(ListItem.Property(Connected),False)</visible>
              </control>
              <control type="label">
                <top>0</top>
                <height>45</height>
                <left>540</left>
                <width>170</width>
                <aligny>center</aligny>
                <align>right</align>
                <scroll>true</scroll>
                <font>font13</font>
                <label>$ADDON[script.module.aw.devicesettings 33030]</label>
                <visible>SubString(ListItem.Property(Connected),True)</visible>
              </control>
            </focusedlayout>
          </control>
        </control>
        <control type="grouplist" id="150">
          <description>control area</description>
          <defaultcontrol>154</defaultcontrol>
          <orientation>vertical</orientation>
          <visible>Container(101).Position(3)</visible>
          <width>750</width>
          <height>435</height>
          <itemgap>3</itemgap>
          <control type="group">
            <description>control area</description>
            <orientation>vertical</orientation>
            <width>740</width>
            <height>42</height>
            <visible>false</visible>
            <control type="image">
              <left>0</left>
              <top>0</top>
              <width>740</width>
              <height>40</height>
              <texture border="5">alienware/MenuItemNF.png</texture>
              <visible>!Control.HasFocus(151)</visible>
            </control>
            <control type="image">
              <left>0</left>
              <top>0</top>
              <width>740</width>
              <height>40</height>
              <texture border="5">alienware/MenuItemFO.png</texture>
              <visible>Control.HasFocus(151)</visible>
            </control>
            <control type="radiobutton" id="151">
              <description>Turn On Bluetooth Radio Button</description>
              <type>radiobutton</type>
              <left>12</left>
              <top>0</top>
              <width>740</width>
              <label>$ADDON[script.module.aw.devicesettings 33041]</label>
              <visible>true</visible>
              <aligny>center</aligny>
              <radiowidth>24</radiowidth>
              <radioheight>24</radioheight>
              <textureradioonfocus>alienware/radiobutton-focus.png</textureradioonfocus>
              <textureradioonnofocus>alienware/radiobutton-focus.png</textureradioonnofocus>
              <textureradioofffocus>alienware/radiobutton-nofocus.png</textureradioofffocus>
              <textureradiooffnofocus>alienware/radiobutton-nofocus.png</textureradiooffnofocus>
              <texturefocus>alienware/blank.png</texturefocus>
              <texturenofocus>alienware/blank.png</texturenofocus>
              <radioposx>680</radioposx>
              <onleft>101</onleft>
              <onright>101</onright>
              <height>40</height>
              <font>font13</font>
              <textcolor>white</textcolor>
              <focusedcolor>white</focusedcolor>
            </control>
          </control>
          <control type="group">
            <description>control area</description>
            <orientation>vertical</orientation>
            <width>740</width>
            <height>42</height>
            <visible>false</visible>
            <control type="image">
              <left>0</left>
              <top>0</top>
              <width>740</width>
              <height>40</height>
              <texture border="5">alienware/MenuItemNF.png</texture>
              <visible>!Control.HasFocus(152)</visible>
            </control>
            <control type="image">
              <left>0</left>
              <top>0</top>
              <width>740</width>
              <height>40</height>
              <texture border="5">alienware/MenuItemFO.png</texture>
              <visible>Control.HasFocus(152)</visible>
            </control>
            <control type="radiobutton" id="152">
              <description>Turn On Discoverability Radio Button</description>
              <type>radiobutton</type>
              <left>12</left>
              <top>0</top>
              <width>740</width>
              <label>$ADDON[script.module.aw.devicesettings 33042]</label>
              <visible>true</visible>
              <aligny>center</aligny>
              <radiowidth>24</radiowidth>
              <radioheight>24</radioheight>
              <textureradioonfocus>alienware/radiobutton-focus.png</textureradioonfocus>
              <textureradioonnofocus>alienware/radiobutton-focus.png</textureradioonnofocus>
              <textureradioofffocus>alienware/radiobutton-nofocus.png</textureradioofffocus>
              <textureradiooffnofocus>alienware/radiobutton-nofocus.png</textureradiooffnofocus>
              <texturefocus>alienware/blank.png</texturefocus>
              <texturenofocus>alienware/blank.png</texturenofocus>
              <onleft>101</onleft>
              <onright>101</onright>
              <radioposx>680</radioposx>
              <enable>SubString(Control.GetLabel(151),*)</enable>
              <height>40</height>
              <font>font13</font>
              <textcolor>white</textcolor>
              <focusedcolor>white</focusedcolor>
            </control>
          </control>
          <control type="grouplist">
            <description>Bluetooth Devices Controls</description>
            <orientation>vertical</orientation>
            <visible>SubString(Control.GetLabel(151),*)</visible>
            <usecontrolcoords>true</usecontrolcoords>
            <width>750</width>
            <height>430</height>
            <itemgap>3</itemgap>
            <control type="image" id="153">
              <description>discovering status image</description>
              <left>280</left>
              <width>190</width>
              <height>28</height>
              <top>15</top>
              <texture>alienware/bluetooth/animated_loading.gif</texture>
              <align>center</align>
            </control>
            <control type="image">
              <description>separator image</description>
              <width>750</width>
              <height>2</height>
              <texture>alienware/separator2.png</texture>
              <colordiffuse>40FFFFFF</colordiffuse>
            </control>
            <control type="list" id="154">
              <description>Bluetooth Device list</description>
              <height>270</height>
              <onleft>101</onleft>
              <onright>101</onright>
              <itemlayout width="750" height="45">
                <control type="image">
                  <left>0</left>
                  <top>0</top>
                  <width>740</width>
                  <height>45</height>
                  <texture border="5">alienware/MenuItemNF.png</texture>
                </control>
                <control type="label">
                  <top>0</top>
                  <height>45</height>
                  <left>20</left>
                  <width>450</width>
                  <aligny>center</aligny>
                  <font>font13</font>
                  <info>ListItem.Label</info>
                </control>
                <control type="label">
                  <top>0</top>
                  <height>45</height>
                  <left>530</left>
                  <width>200</width>
                  <align>right</align>
                  <aligny>center</aligny>
                  <font>font13</font>
                  <info>ListItem.Label2</info>
                </control>
                <control type="image">
                  <width>33</width>
                  <height>20</height>
                  <left>680</left>
                  <top>12</top>
                  <texture>alienware/bluetooth/notpaired.png</texture>
                  <visible>SubString(ListItem.Property(NotPaired),True)</visible>
                </control>
              </itemlayout>
              <focusedlayout width="750" height="45">
                <control type="image">
                  <left>0</left>
                  <top>0</top>
                  <width>740</width>
                  <height>45</height>
                  <visible>!Control.HasFocus(154)</visible>
                  <texture border="5">alienware/MenuItemNF.png</texture>
                </control>
                <control type="image">
                  <left>0</left>
                  <top>0</top>
                  <width>740</width>
                  <height>45</height>
                  <visible>Control.HasFocus(154)</visible>
                  <texture border="5">alienware/MenuItemFO.png</texture>
                </control>
                <control type="label">
                  <top>0</top>
                  <height>45</height>
                  <left>20</left>
                  <width>450</width>
                  <aligny>center</aligny>
                  <font>font13</font>
                  <info>ListItem.Label</info>
                </control>
                <control type="label">
                  <top>0</top>
                  <height>45</height>
                  <left>530</left>
                  <width>200</width>
                  <align>right</align>
                  <aligny>center</aligny>
                  <font>font13</font>
                  <info>ListItem.Label2</info>
                </control>
                <control type="image">
                  <width>33</width>
                  <height>20</height>
                  <left>680</left>
                  <top>12</top>
                  <texture>alienware/bluetooth/notpaired.png</texture>
                  <visible>SubString(ListItem.Property(NotPaired),True)</visible>
                </control>
              </focusedlayout>
            </control>
            <control type="image">
              <description>separator image</description>
              <height>1</height>
              <texture>alienware/blank.png</texture>
            </control>
          </control>
        </control>
        <control type="grouplist" id="160">
          <description>control area</description>
          <defaultcontrol>162</defaultcontrol>
          <orientation>vertical</orientation>
          <visible>Container(101).Position(4)</visible>
          <width>750</width>
          <height>435</height>
          <itemgap>3</itemgap>
          <control type="group">
            <description>control area</description>
            <orientation>vertical</orientation>
            <width>740</width>
            <height>58</height>
            <control type="image">
              <left>0</left>
              <top>0</top>
              <width>740</width>
              <height>56</height>
              <texture border="5">alienware/MenuItemNF.png</texture>
              <visible>!Control.HasFocus(162)</visible>
            </control>
            <control type="image">
              <left>0</left>
              <top>0</top>
              <width>740</width>
              <height>56</height>
              <texture border="5">alienware/MenuItemFO.png</texture>
              <visible>Control.HasFocus(162)</visible>
            </control>
            <control type="image">
              <left>20</left>
              <top>5</top>
              <width>48</width>
              <height>48</height>
              <align>center</align>
              <aligny>center</aligny>
              <texture>alienware/updates/windows.png</texture>
            </control>
            <control type="label">
              <left>90</left>
              <top>0</top>
              <width>300</width>
              <height>56</height>
              <font>font13</font>
              <textcolor>white</textcolor>
              <align>left</align>
              <aligny>center</aligny>
              <scroll>true</scroll>
              <label>$ADDON[script.module.aw.devicesettings 33062]</label>
            </control>
            <control type="label" id="161">
              <right>20</right>
              <top>0</top>
              <width>450</width>
              <height>56</height>
              <font>font13</font>
              <textcolor>white</textcolor>
              <align>right</align>
              <aligny>center</aligny>
              <scroll>true</scroll>
              <label>-</label>
            </control>
            <control type="button" id="162">
              <left>0</left>
              <top>0</top>
              <width>740</width>
              <height>56</height>
              <onright>101</onright>
              <onleft>101</onleft>
              <onup>166</onup>
              <ondown>164</ondown>
              <texturenofocus>alienware/blank.png</texturenofocus>
              <texturefocus>alienware/blank.png</texturefocus>
              <visible>true</visible>
            </control>
          </control>
          <control type="group">
            <description>control area</description>
            <orientation>vertical</orientation>
            <width>740</width>
            <height>58</height>
            <visible>false</visible>
            <control type="image">
              <left>0</left>
              <top>0</top>
              <width>740</width>
              <height>56</height>
              <texture border="5">alienware/MenuItemNF.png</texture>
              <visible>!Control.HasFocus(164)</visible>
            </control>
            <control type="image">
              <left>0</left>
              <top>0</top>
              <width>740</width>
              <height>56</height>
              <texture border="5">alienware/MenuItemFO.png</texture>
              <visible>Control.HasFocus(164)</visible>
            </control>
            <control type="image">
              <left>20</left>
              <top>5</top>
              <width>48</width>
              <height>48</height>
              <align>center</align>
              <aligny>center</aligny>
              <texture>alienware/updates/nvidia.png</texture>
            </control>
            <control type="label">
              <left>90</left>
              <top>0</top>
              <width>300</width>
              <height>56</height>
              <font>font13</font>
              <textcolor>white</textcolor>
              <align>left</align>
              <aligny>center</aligny>
              <scroll>true</scroll>
              <label>$ADDON[script.module.aw.devicesettings 33063]</label>
            </control>
            <control type="label" id="163">
              <right>20</right>
              <top>0</top>
              <width>450</width>
              <height>56</height>
              <font>font13</font>
              <textcolor>white</textcolor>
              <align>right</align>
              <aligny>center</aligny>
              <scroll>true</scroll>
              <label>-</label>
            </control>
            <control type="button" id="164">
              <left>0</left>
              <top>0</top>
              <width>740</width>
              <height>56</height>
              <onright>101</onright>
              <onleft>101</onleft>
              <onup>162</onup>
              <ondown>166</ondown>
              <texturenofocus>alienware/blank.png</texturenofocus>
              <texturefocus>alienware/blank.png</texturefocus>
              <visible>true</visible>
            </control>
          </control>
          <control type="group">
            <description>control area</description>
            <orientation>vertical</orientation>
            <width>740</width>
            <height>58</height>
            <control type="image">
              <left>0</left>
              <top>0</top>
              <width>740</width>
              <height>56</height>
              <texture border="5">alienware/MenuItemNF.png</texture>
              <visible>!Control.HasFocus(166)</visible>
            </control>
            <control type="image">
              <left>0</left>
              <top>0</top>
              <width>740</width>
              <height>56</height>
              <texture border="5">alienware/MenuItemFO.png</texture>
              <visible>Control.HasFocus(166)</visible>
            </control>
            <control type="image">
              <left>20</left>
              <top>5</top>
              <width>48</width>
              <height>48</height>
              <align>center</align>
              <aligny>center</aligny>
              <texture>alienware/updates/alienwarehead.png</texture>
            </control>
            <control type="label">
              <left>90</left>
              <top>0</top>
              <width>300</width>
              <height>56</height>
              <font>font13</font>
              <textcolor>white</textcolor>
              <align>left</align>
              <aligny>center</aligny>
              <scroll>true</scroll>
              <label>$ADDON[script.module.aw.devicesettings 33064]</label>
            </control>
            <control type="label" id="165">
              <right>20</right>
              <top>0</top>
              <width>450</width>
              <height>56</height>
              <font>font13</font>
              <textcolor>white</textcolor>
              <align>right</align>
              <aligny>center</aligny>
              <scroll>true</scroll>
              <label>-</label>
            </control>
            <control type="button" id="166">
              <left>0</left>
              <top>0</top>
              <width>740</width>
              <height>56</height>
              <onright>101</onright>
              <onleft>101</onleft>
              <onup>164</onup>
              <ondown>162</ondown>
              <texturenofocus>alienware/blank.png</texturenofocus>
              <texturefocus>alienware/blank.png</texturefocus>
              <visible>true</visible>
            </control>
          </control>
        </control>
      </control>
      <control type="image">
        <description>separator image</description>
        <left>290</left>
        <top>525</top>
        <width>750</width>
        <height>2</height>
        <texture>alienware/separator2.png</texture>
        <colordiffuse>40FFFFFF</colordiffuse>
      </control>
      <control type="textbox">
        <description>Appearance Description</description>
        <left>300</left>
        <top>530</top>
        <width>740</width>
        <height>100</height>
        <font>font12</font>
        <label>$INFO[Container(9000).ListItem.Label2]</label>
        <align>left</align>
        <textcolor>white</textcolor>
        <shadowcolor>black</shadowcolor>
      </control>
    </control>
    <control type="group">
      <left>120r</left>
      <top>55r</top>
      <animation effect="fade" time="250" condition="Window.Previous(Home)">WindowOpen</animation>
      <animation effect="fade" time="250" condition="Window.Next(Home)">WindowClose</animation>
      <visible>system.getbool(input.enablemouse)</visible>
      <control type="button">
        <description>Back push button</description>
        <left>0</left>
        <top>0</top>
        <width>45</width>
        <height>45</height>
        <label>1036</label>
        <font>-</font>
        <onclick>back</onclick>
        <texturefocus border="5">alienware/floor_buttonFO.png</texturefocus>
        <texturenofocus border="5"></texturenofocus>
        <onleft>50</onleft>
        <onright>50</onright>
        <onup>50</onup>
        <ondown>50</ondown>
      </control>
      <control type="image">
        <description>Back Icon</description>
        <left>5</left>
        <top>5</top>
        <width>35</width>
        <height>35</height>
        <aspectratio>keep</aspectratio>
        <texture>alienware/icon_back.png</texture>
      </control>
      <control type="button">
        <description>Home push button</description>
        <left>55</left>
        <top>0</top>
        <width>45</width>
        <height>45</height>
        <label>31003</label>
        <font>-</font>
        <onclick>ActivateWindow(home)</onclick>
        <texturefocus border="5">alienware/floor_buttonFO.png</texturefocus>
        <texturenofocus border="5"></texturenofocus>
        <onleft>50</onleft>
        <onright>50</onright>
        <onup>50</onup>
        <ondown>50</ondown>
      </control>
      <control type="image">
        <description>Home Icon</description>
        <left>60</left>
        <top>5</top>
        <width>35</width>
        <height>35</height>
        <aspectratio>keep</aspectratio>
        <texture>alienware/icon_home.png</texture>
      </control>
    </control>
    <control type="image">
      <description>Section header image</description>
      <left>20</left>
      <top>3</top>
      <width>35</width>
      <height>35</height>
      <aspectratio>keep</aspectratio>
      <texture>alienware/icon_system.png</texture>
    </control>
    <control type="grouplist">
      <left>65</left>
      <top>5</top>
      <width>1000</width>
      <height>30</height>
      <orientation>horizontal</orientation>
      <align>left</align>
      <itemgap>5</itemgap>
      <control type="label">
        <left>0</left>
        <top>0</top>
        <width min="0" max="800">auto</width>
        <height>30</height>
        <font>font14</font>
        <textcolor>white</textcolor>
        <shadowcolor>black</shadowcolor>
        <scroll>false</scroll>
        <align>left</align>
        <aligny>center</aligny>
        <label>$ADDON[script.module.aw.devicesettings 33000]</label>
      </control>
    </control>
    <control type="label">
      <description>time label</description>
      <left>1040</left>
      <top>5</top>
      <width>200</width>
      <height>30</height>
      <align>right</align>
      <aligny>center</aligny>
      <font>font28_title</font>
      <textcolor>white</textcolor>
      <shadowcolor>black</shadowcolor>
      <label>$INFO[System.Time]</label>
      <animation effect="slide" start="0,0" end="-40,0" time="100" condition="Window.IsVisible(Mutebug)">conditional</animation>
    </control>
  </controls>
</window>
