<?xml version="1.0" encoding="UTF-8"?>
<window>
	<animation effect="fade" time="100">WindowOpen</animation>
	<animation effect="fade" time="200">WindowClose</animation>
	<coordinates>
		<system>1</system>
		<left>0</left>
		<top>0</top>
	</coordinates>
	<controls>
		<control type="group">
      <left>450</left>
      <top>285</top>
      <width>400</width>
      <height>150</height>
			<control type="image">
				<description>background image</description>
				<left>0</left>
				<top>0</top>
        <width>400</width>
        <height>150</height>
				<texture border="20">alienware/awbusydialogdackground.png</texture>
			</control>
			<control type="image">
				<description>Busy animation</description>
				<left>20</left>
				<top>59</top>
				<width>32</width>
				<height>32</height>
				<texture>alienware/busy.png</texture>
				<aspectratio>keep</aspectratio>
				<animation effect="rotate" start="0" end="360" center="36,75" time="1200" loop="true" condition="true">conditional</animation>
			</control>
			<control type="label" id="101">
				<description>Busy label</description>
        <left>80</left>
        <top>10</top>
        <width>300</width>
        <height>130</height>
        <font>font12</font>
        <align>left</align>
        <aligny>center</aligny>
        <wrapmultiline>true</wrapmultiline>
        <scroll>true</scroll>
        <label>$ADDON[script.module.aw.devicesettings 33055]</label>
			</control>
		</control>
	</controls>
</window>
