<?xml version="1.0" encoding="UTF-8" standalone="yes"?>
<addon id="script.aw.themes" name="AlienUI Themes" version="0.0.2" provider-name="Alienware">
    <requires>
        <import addon="xbmc.python" version="2.1.0"/>
    </requires>
    <extension point="xbmc.python.script" library="install_themes.py">
        <provides></provides>
    </extension>
    <extension point="xbmc.addon.metadata">
        <platform>all</platform>
        <summary lang="en">AlienUI Themes</summary>
        <language></language>
        <description lang="en">AlienUI Themes</description>
        <license>GNU GENERAL PUBLIC LICENSE. Version 2, June 1991</license>
        <source>Alienware</source>
        <forum></forum>
        <email></email>
        <website></website>
    </extension>
</addon>
