<?xml version="1.0" encoding="UTF-8"?>
<window type="dialog">
  <zorder>1</zorder>
  <coordinates>
    <system>1</system>
    <left>215</left>
    <top>35</top>
  </coordinates>
  <controls>
    <control type="group">
      <left>120</left>
      <visible>true</visible>
      <control type="image">
        <description>background image</description>
        <left>0</left>
        <top>0</top>
        <width>610</width>
        <height>630</height>
        <texture border="40">alienware/DialogBack.png</texture>
        <visible>![Window.IsVisible(FullscreenVideo) | Window.IsVisible(Visualisation)]</visible>
      </control>
      <control type="image">
        <description>background image</description>
        <left>0</left>
        <top>0</top>
        <width>610</width>
        <height>630</height>
        <texture border="40">alienware/DialogBack2.png</texture>
        <visible>Window.IsVisible(FullscreenVideo) | Window.IsVisible(Visualisation)</visible>
      </control>
      <control type="image">
        <description>Dialog Header image</description>
        <left>40</left>
        <top>16</top>
        <width>530</width>
        <height>40</height>
        <texture>alienware/dialogheader.png</texture>
      </control>
      <control type="label" id="101">
        <description>header label</description>
        <left>40</left>
        <top>20</top>
        <width>530</width>
        <height>30</height>
        <font>font13_title</font>
        <align>center</align>
        <aligny>center</aligny>
        <textcolor>selected</textcolor>
        <shadowcolor>black</shadowcolor>
      </control>
    </control>
    <control type="button">
      <description>Close Window button</description>
      <left>620</left>
      <top>5</top>
      <width>64</width>
      <height>32</height>
      <label>-</label>
      <font>-</font>
      <onclick>PreviousMenu</onclick>
      <texturefocus>alienware/DialogCloseButton-focus.png</texturefocus>
      <texturenofocus>alienware/DialogCloseButton.png</texturenofocus>
      <onleft>10</onleft>
      <onright>10</onright>
      <onup>10</onup>
      <ondown>10</ondown>
      <visible>system.getbool(input.enablemouse)</visible>
    </control>
    <control type="list" id="102">
      <enabled>true</enabled>
      <left>150</left>
      <top>67</top>
      <width>550</width>
      <height>506</height>
      <itemlayout height="46" width="550">
        <control type="image">
          <left>0</left>
          <top>0</top>
          <width>550</width>
          <height>40</height>
          <texture border="5">alienware/button-nofocus.png</texture>
        </control>
        <control type="label">
          <left>20</left>
          <top>0</top>
          <width>510</width>
          <height>40</height>
          <font>font13</font>
          <textcolor>grey2</textcolor>
          <selectedcolor>selected</selectedcolor>
          <align>left</align>
          <aligny>center</aligny>
          <label>$INFO[ListItem.Label]</label>
        </control>
      </itemlayout>
      <focusedlayout height="46" width="550">
        <control type="image">
          <left>0</left>
          <top>0</top>
          <height>40</height>
          <width>550</width>
          <texture border="2">alienware/button-focus2.png</texture>
        </control>
        <control type="label">
          <left>20</left>
          <top>0</top>
          <width>510</width>
          <height>40</height>
          <font>font13</font>
          <textcolor>white</textcolor>
          <selectedcolor>selected</selectedcolor>
          <align>left</align>
          <aligny>center</aligny>
          <label>$INFO[ListItem.Label]</label>
        </control>
      </focusedlayout>
    </control>
  </controls>
</window>
