<?xml version="1.0" encoding="UTF-8" standalone="yes"?>
<addon id="script.aw.customizations" name="Alien UI Console Customizations" version="0.0.3" provider-name="Alienware">
    <requires>
        <import addon="xbmc.python" version="2.1.0"/>
    </requires>
    <extension point="xbmc.python.script" library="customizations_installer.py">
        <provides>executable</provides>
    </extension>
    <extension point="xbmc.addon.metadata">
        <platform>all</platform>
        <summary lang="en">Alien UI Console Customizations</summary>
        <language></language>
        <description lang="en">Silently installs our controller keymap for improve controller compatibility. Silently Alienware Background images to Home/Media/Alienware. To change your background in Kodi: System > Settings > Appearance > Skin >Settings > Background > Background Path. Requires restart after installation.</description>
        <license>GNU GENERAL PUBLIC LICENSE. Version 2, June 1991</license>
        <source>Alienware</source>
        <forum></forum>
        <email></email>
        <website></website>
    </extension>
</addon>
