<?xml version="1.0" encoding="UTF-8" standalone="yes"?>
<addon  id="script.module.aw.gameslauncher" 
        name="Hive Game Launcher" 
        version="0.9.0" 
        provider-name="Alienware">
  <requires>
    <import addon="xbmc.python" version="2.1.0"/>
  </requires>
  <extension point="xbmc.service" library="service.py" start="startup">
  </extension>
  <extension point="xbmc.addon.metadata">
    <platform>all</platform>
    <minversion>1</minversion>
    <summary lang="en">Hive Game Launcher</summary>
    <description lang="en">Hive Game Launcher</description>
  </extension>
</addon>
