﻿<?xml version="1.0" encoding="UTF-8" standalone="yes"?>
<addon id="plugin.program.aw.gamelauncher" name="Hive Game Launcher" version="0.0.4" provider-name="Alienware">
    <requires>
        <import addon="xbmc.python" version="2.1.0"/>
    </requires>
    <extension point="xbmc.python.pluginsource" library="addon.py">
        <provides>executable</provides>
    </extension>
    <extension point="xbmc.addon.metadata">
        <platform>all</platform>
        <disclaimer>For Kodi Helix</disclaimer>
        <summary lang="en">Hive Game Launcher</summary>
        <description lang="en">Hive Game Launcher</description>
    </extension>
</addon>
