﻿<?xml version="1.0" encoding="UTF-8"?>
<addon
  id="skin.alienui"
  version="0.0.27"
  name="Alien UI"
  provider-name="Alienware">
  <requires>
    <import addon="xbmc.gui" version="5.3.0"/>
    <import addon="script.aw.customizations"/>
  </requires>
  <extension
    point="xbmc.gui.skin"
    defaultthemename="Textures.xbt"
    debugging="false"
    effectslowdown="0.75">
    <res width="1280" height="720" aspect="16:9" default="true" folder="720p" />
  </extension>
  <extension point="xbmc.addon.metadata">
    <summary lang="af">Confluence tema deur Jezz_X. (Kodi se standaard tema)</summary>
    <summary lang="ar">جلد "كونفليونس" من صنع Jezz_x. (الجلد المبدأى لبرنامج إكس بى إم سى)</summary>
    <summary lang="be">Confluence skin by Jezz_X. (Kodi's default skin)</summary>
    <summary lang="bg">Облик от Jezz_X. (стандартния за Kodi)</summary>
    <summary lang="ca">Pell Confluence, per Jezz_X. (Pell per defecte de l'Kodi)</summary>
    <summary lang="cs">Vzhled Confluence od Jezz_X. (výchozí vzhled Kodi)</summary>
    <summary lang="cy">Croen Confluence gan Jezz_X. (Croen rhagosodedig Kodi)</summary>
    <summary lang="da">Confluence skin af Jezz_X. (Kodi's standardskin)</summary>
    <summary lang="de">Confluence Skin von Jezz_X. (Standardskin von Kodi)</summary>
    <summary lang="el">Το κέλυφος Confluence από τον Jezz_X (προεπιλεγμένο κέλυφος του Kodi).</summary>
    <summary lang="en">AlienUI by Alienware, Inc.</summary>
    <summary lang="en_AU">AlienUI by Alienware, Inc.</summary>
    <summary lang="en_NZ">AlienUI by Alienware, Inc.</summary>
    <summary lang="en_US">AlienUI by Alienware, Inc.</summary>
    <summary lang="es">Confluence skin por Jezz_X. (skin por defecto)</summary>
    <summary lang="es_AR">Confluence skin por Jezz_X. (skin por defecto de Kodi)</summary>
    <summary lang="es_MX">Skin confluende por Jezz_X. (skin por defecto de Kodi)</summary>
    <summary lang="es_VE">Tema "Confluence" por Jezz_X (Tema predeterminado de Kodi)</summary>
    <summary lang="et">Confluence rüü autorilt Jezz_X. (Kodi vaikerüü)</summary>
    <summary lang="fi">Confluence-ulkoasu Jezz_X:ltä. (Kodi:n oletus ulkoasu)</summary>
    <summary lang="fil">Confluence skin by Jezz_X. (Kodi's default skin)</summary>
    <summary lang="fo">Confluence útsjónd av Jezz_X. (Kodi's vanliga útsjónd)</summary>
    <summary lang="fr">Thème Confluence par Jezz_X. (thème par défaut)</summary>
    <summary lang="fr_CA">Habillage Confluence par Jezz_X. (habillage par défaut de Kodi)</summary>
    <summary lang="gl">Pel Confluence por Jezz_Z. (Pel predeterminada de Kodi)</summary>
    <summary lang="he">Confluence skin by Jezz_X. (Kodi's default skin)</summary>
    <summary lang="hr">Confluence presvlaka autora Jezz_X. (uobičajena Kodi presvlaka)</summary>
    <summary lang="hu">Confluence felszín. Készítő: Jezz_X (Kodi alapértelmezett felszín)</summary>
    <summary lang="hy">''Confluence'' - տեսք՝ Jezz_X. կողմից (Kodi - հիմնական տեսք)</summary>
    <summary lang="id">Skin Confluence oleh Jezz_X. (Skin bawaan Kodi)</summary>
    <summary lang="is">Confluence eftir Jezz_X. (Sjálfgefið útlit Kodi)</summary>
    <summary lang="it">Skin Confluence da Jezz_X. (skin predefinita di Kodi)</summary>
    <summary lang="ja">Confluence スキン by Jezz_X. (Kodi デフォルトスキン)</summary>
    <summary lang="km">Confluence skin by Jezz_X. (Kodi's default skin)</summary>
    <summary lang="ko">Confluence 스킨 Jezz_X 만듦 (Kodi 기본 스킨)</summary>
    <summary lang="lt">Teminę išvaizdą Confluence sukūrė Jezz_X.(Kodi numatytoji teminė išvaizda)</summary>
    <summary lang="lv">Confluence āda no Jeez_X. (Kodi pamatāda)</summary>
    <summary lang="mk">Confluence skin by Jezz_X. (Kodi's default skin)</summary>
    <summary lang="ms">Penyatuan, kulit daripada Jezz_X. (Kulit lalai Kodi)</summary>
    <summary lang="nl">Confluence skin door Jezz_X. (Kodi's standaard skin)</summary>
    <summary lang="no">Confluence-skall av Jezz_X. (Kodis standardskall)</summary>
    <summary lang="pl">Confluence autorstwa Jezz_X (domyślna skóra Kodi)</summary>
    <summary lang="pt">Tema "Confluence" por Jezz_X. (Tema predefinido do Kodi)</summary>
    <summary lang="pt_BR">Skin Confluence por Jezz_X. (Skin padrão do Kodi)</summary>
    <summary lang="rm">Confluence skin da Jezz_x. (Kodi's default skin)</summary>
    <summary lang="ro">Costum Confluence de Jezz_X. (costum implicit)</summary>
    <summary lang="ru">Обложка Confluence (стандартная обложка Kodi). Автор: Jezz_X.</summary>
    <summary lang="sk">Confluence skin od Jezz_X. (predvolený skin Kodi)</summary>
    <summary lang="sl">Preobleka Confluence avtorja Jezz_X. (Privzeta preobleka za Kodi)</summary>
    <summary lang="sq">Maska Confluence nga Jazz_X (maska kryesore së Kodi)</summary>
    <summary lang="sv">Confluence, ett skal av Jezz_X. (Kodi:s standardskal)</summary>
    <summary lang="ta_IN">கான்புலுஎன்சு தோலுடை - தயாரிப்பு  : Jezz_X (Kodi உடைய கொடாநிலை தோலுடை)</summary>
    <summary lang="tg">Пӯсти ҳамҷараёнӣ аз ҷониби Jezz_X. (Пӯсти пешфарзи Kodi)</summary>
    <summary lang="th">ชุดตกแต่ง Confluence โดย  Jezz_X (สกินเริ่มต้นของ Kodi)</summary>
    <summary lang="tr">Jezz_X tarafından Confluence dış görünümü. (Kodi'nin varsayılan dış görünümü)</summary>
    <summary lang="uk">Обкладинка Confluence (стандартна обкладинка Kodi). Автор: Jezz_X.</summary>
    <summary lang="vi">Giao diện Confluence bởi Jezz_X. (Giao diện mặc định của Kodi)</summary>
    <summary lang="zh">Jezz_X 开发的 Confluence 皮肤（Kodi 的默认皮肤）。</summary>
    <summary lang="zh_TW">Jezz_X 製作的佈景主題（Kodi的預設佈景主題）</summary>
    <description lang="af">Confluence is die standaard tema vir Kodi 9.11 en op. Dit is 'n kombinasie van konsepte van 'n klomp gewilde temas, en 'n poging om hulle goeie idees te omvat en te integreer in 'n tema wat maklik behoort te wees vir eerste keer Kodi gebruikers om te verstaan en te gebruik.</description>
    <description lang="ar">"كونفليونس" هو الجلد المبدأى لبرنامج إكس بى إم سى اﻹصدار 9.11 وما فوق. هو خلط بين اشهر اﻷجلده الاخرى معاً ومحاوله لتبنى ودمج افكارهم للخروج بِنِتَاج يُفترض به ان يكون سهل اﻹستيعاب بمجرد النظر لمستخدمى إكس بى إم سى المبتدئين.</description>
    <description lang="be">Confluence is the default skin for Kodi 9.11 and above. It is a combination of concepts from many popular skins, and attempts to embrace and integrate their good ideas into a skin that should be easy for first time Kodi users to understand and use.</description>
    <description lang="bg">Confluence е стандартният облик на Kodi 9.11 и по-новите версии. Представлява смесица от концепциите на много от популярните облици. Целта е да се интегрират тези добри идеи в подходящ и удобен вид за хора, които се сблъскват за първи път с Kodi.</description>
    <description lang="ca">Confluence és la pell per defecte de l'Kodi 9.11 i superiors. És una combinació de conceptes de moltes pells populars que intenta adoptar i integrar les seves bones idees en una aparença que sigui senzilla d'entendre i utilitzar per els nous usuaris d'Kodi.</description>
    <description lang="cs">Confluence je výchozí vzhled pro Kodi 9.11 a novější. Jedná se o kombinaci konceptů z mnoha jiných populárních vzhledů, která se pokouší uchopit a integrovat jejich dobré nápady do vzhledu, který by měl být pro nového uživatele Kodi jednoduchý na pochopení a používání.</description>
    <description lang="cy">Confluence yw croen rhagosodedig Kodi 9.11 ac uwch. Mae'n gyfuniad o gysyniadau o nifer o grwyn poblogaidd ac mae'n ymdrechu i gyfuno eu syniadau da hwy i groen ddylai fod yn hawdd i ddefnyddiwr cyntaf Kodi ei deall a'i ddefnyddio.</description>
    <description lang="da">Confluence er standardskin'et til Kodi 9.11 og senere versioner. Det er en kombination af koncepter fra mange populære skins, og det forsøger at omfavne og integrere de gode ideer i et skin, der er let for førstegangsbrugere af Kodi at forstå og bruge.</description>
    <description lang="de">Confluence ist der Standardskin ab Kodi 9.11. Er ist eine Kombination mehrerer unterschiedlicher Skin-Konzepte und versucht dabei die besten Ideen zu kombinieren, um einen einfachen Einstieg für neue Kodi-Nutzer zu ermöglichen.</description>
    <description lang="el">Το Confluence είναι το προεπιλεγμένο κέλυφος για τις εκδόσεις Kodi 9.11 και άνω. Είναι ένας συνδυασμός από πολλά δημοφιλή κελύφη, και επιχειρεί να συμπεριλάβει τις καλύτερες ιδέες τους σε ένα κέλυφος το οποίο είναι εύκολο σε αρχάριους χρήστες του Kodi να κατανοήσουν και χρησιμοποιήσουν.</description>
    <description lang="en">AlienUI is a modified version of Confluence. Alienware has modified the skin to include enhancements that provide access to hardware funcationality and the ability to launch game portals such as Steam. It also includes the ability to use an Xbox 360, Xbox One, Dual Shock 4, or Steam Controller as a mouse and keyboard.</description>
    <description lang="en_AU">AlienUI is a modified version of Confluence. Alienware has modified the skin to include enhancements that provide access to hardware funcationality and the ability to launch game portals such as Steam. It also includes the ability to use an Xbox 360, Xbox One, Dual Shock 4, or Steam Controller as a mouse and keyboard.</description>
    <description lang="en_NZ">AlienUI is a modified version of Confluence. Alienware has modified the skin to include enhancements that provide access to hardware funcationality and the ability to launch game portals such as Steam. It also includes the ability to use an Xbox 360, Xbox One, Dual Shock 4, or Steam Controller as a mouse and keyboard.</description>
    <description lang="en_US">AlienUI is a modified version of Confluence. Alienware has modified the skin to include enhancements that provide access to hardware funcationality and the ability to launch game portals such as Steam. It also includes the ability to use an Xbox 360, Xbox One, Dual Shock 4, or Steam Controller as a mouse and keyboard.</description>
    <description lang="es">Confluence es la skin por defecto de Kodi 9.11 y posteriores. Es una combinación de conceptos de muchas skins populares, e intenta abarcar e integrar lo mejor de ellas en una skin que sea sencilla de entender y utilizar para los nuevos usuarios de Kodi.</description>
    <description lang="es_AR">Confluence es el skin por defecto de Kodi 9.11 y posteriores. Es una combinación de conceptos de muchos skins populares, e intenta abarcar e integrar lo mejor de ellos en un skin que sea sencillo de entender y utilizar para los nuevos usuarios de Kodi.</description>
    <description lang="es_MX">Confluence es el skin por defecto para Kodi 9.11 en adelante. Es una combinación de conceptos de varias skins populares, e intenta adoptar e integrar sus buenas ideas en un skin que debería ser fá de entender y usar para quienes usen Kodi por primera vez.</description>
    <description lang="es_VE">"Confluence" es el tema predeterminado para Kodi 9.11 y más nuevos. Es una combinación de conceptos de los temas más populares e intenta acoger e integrar sus buenas ideas en un tema que debería ser fácil de entender y usar para usuarios que utilizan por primera vez Kodi.</description>
    <description lang="et">Confluence on Kodi vaikerüü alates versioonist 9.11. Confluence on paljude populaarsete rüüde kombinatsioon, üritades omavahel siduda nende parimaid lahendusi, et saavutada esmakasutajale selget ja kergelt kasutatavat tulemust.</description>
    <description lang="fi">Confluence on oletusulkoasu Kodi:n versiosta 9.11 lähtien. Se on yhdistelmä useiden suosittujen ulkoasujen konsepteista, ja yritys omaksua ja integroida heidän hyvät ideat ulkoasuun, jonka pitäisi olla helppokäyttöinen ja -tajuinen kaikille Kodi:n käyttäjille.</description>
    <description lang="fil">Ang Confluence ay ang default skin ng Kodi 9.11 at pataas. Ito ay kombinasyon ng mga konsepto at pagsubok paghaluin ang mga mahusay na ideya mula sa maraming popular na skins para ito ay maging madali sa mga unang beses gumamit ng Kodi.</description>
    <description lang="fo">Confluence er vanliga útsjóndin, sum er brúkt í Kodi síðan útg. 9.11. Hetta er ein samansjóðan av fleiri hugtøkum. Ætlanin er at útsjóndin skal lætta um móttøku og nýtslu av Kodi fyri nýggjar brúkarar.</description>
    <description lang="fr">Confluence est le thème par défaut à partir d'Kodi 9.11. Reprenant les concepts issus de plusieurs thèmes populaires, il est une tentative d'inclusion et d'intégration des meilleures idées afin d'en rendre la compréhension et l'utilisation faciles y compris par des débutants.</description>
    <description lang="fr_CA">Confluence est l'habillage par défaut pour Kodi 9.11 et ultérieur. C'est une combinaison des concepts issus de plusieurs habillages populaires et une tentative d'inclure et d'intégrer leurs bonnes idées en un habillage qui devrait être facile à comprendre et à utiliser pour les utilisateurs débutants de Kodi.</description>
    <description lang="gl">Confluence é a pel predeterminada para Kodi 9.11 e posteriores. É unha combinación de conceptos de algunhas peles populares, e tenta abranguer e integrar  as súas mellores ideas nunha pel que sexa fácil de entender e utilizar para as usuarias que utilizan por primeira vez Kodi.</description>
    <description lang="he">Confluence הוא סקין ברירת המחדל של Kodi 9.11 ומעלה. זהו צירוף של קונספטים מסקינים פופולריים רבים, וניסיונות לאמץ ולסכם את הרעיונות הטובים שלהם לתוך סקין שיהיה פשוט להבנה ולשימוש עבור משתמשי Kodi חדשים.</description>
    <description lang="hr">Confluence je uobičajena presvlaka za Kodi 9.11 naviše. To je mješavina koncepta iz mnogih drugih popularnih presvlaka, pokušaj da se objedine njihove dobre osobine u presvlaku i da budu lagane za upotrebu i razumljive novim Kodi korisnicima.</description>
    <description lang="hu">A Confluence az alapértelmezett felszín az Kodi-hez a 9.11-es verziótól kezdődően. Merít sok sok népszerű felszín elképzeléséből, megpróbálva vegyíteni a jó ötleteket úgy, hogy az könnyen kezelhető legyen az Kodi-vel először találkozóknak is.</description>
    <description lang="id">Confluence merupakan skin bawaan untuk Kodi 9.11 dan selanjutnya. Merupakan kombinasi konsep dari beberapa skin populer, dan berusaha untuk merangkul dan menyatukan ide bagus mereka ke sebuah skin yang mudah dipakai dan dipahami oleh pengguna Kodi pertama kali.</description>
    <description lang="is">Confluence er sjálfgefið útlit Kodi 9.11 og nýrra. Það er samsetning hugmynda frá mörgum vinsælum útlitum og er tilraun til að fanga og innlima þær góðu hugmyndir í útlit þar sem hugmyndin er að skuli vera einfalt fyrir fyrir nýja Kodi notendur að skilja og nota</description>
    <description lang="it">Confluence è la skin predefinita di Kodi dalla versione 9.11 in poi. E' una combinazione di elementi provenienti da altre skin popolari e cerca di integrare e coinvolgere tutte le loro grandi idee in una skin facile da usare e comprendere per l'utente inesperto di Kodi.</description>
    <description lang="ja">Confluence は Kodi 9.11 およびそれ以上のバージョンで標準のスキンです。さまざまな人気のスキンのコンセプトを組み合わせ、ユーザが初めて Kodi に触れる際に便利に使えるようにしてあります。</description>
    <description lang="km">Confluence គឺ ជាស្គីនចំបងរបស់ Kodi 9.11 and about. It is a combination of concepts from many popular skins, and attempts to embrace and integrate their good ideas into a skin that should be easy for first time Kodi users to understand and use.</description>
    <description lang="ko">Confluence 는 Kodi 9.11 이상의 기본 스킨입니다. 많은 인기 스킨의 컨셉과 좋은 아이디어를 모아서 하나의 스킨으로 만들었으며 초보자도 사용하기 쉽습니다.</description>
    <description lang="lt">Confluence yra numatytoji teminė išvaizda pradedant Kodi 9.11 versija. Tai daugelio populiarių teminų išvaizdų derinys. Bandymas priimti ir integruoti vartotojų idėjas į teminę išvaizdą katra turėtų būti lengvai suprantama  pirmą kartą naudojantiems Kodi</description>
    <description lang="lv">Confluence ir Kodi 9.11 un jaunāku versiju noklusētais apvalks. Tajā apvienota daudzu populāru apvalku koncepcija un centieni pieņemt un integrēt labākās idejas, lai jaunajiem Kodi ietotājiem to būtu viegli izprast un lietot.</description>
    <description lang="mk">Confluence е подразбирачки изглед за Kodi 9.11 па нагоре. Тој е комбинација на концепти од повеќе популарни изгледи, и настојува да ги обедини и истакне нивните добри идеи во еден изглед разбирлив за корисници почетници</description>
    <description lang="ms">Penyatuan ialah kulit lalai untuk Kodi 9.11 dan ke atas. Ia merupakan gabungan konsep dari pelbagai kulit terkenal, dan berusaha untuk merangkumkan dan menyepadukan idea baik kulit-kulit tersebut menjadi satu kulit yang mudah difahami dan digunakan oleh pengguna baru Kodi .</description>
    <description lang="nl">Confluence is de standaard skin voor Kodi 9.11 en hoger. Het combineert de concepten van andere populaire skins, waarbij het tracht hun goede ideeën te integreren in een skin die gemakkelijk in gebruik is.</description>
    <description lang="no">Confluence er standardskallet for Kodi 9.11 og oppover. Det er en kombinasjon av konseptene fra mange populære skall, og prøver å omfavne og integrere de gode idéene i et skall som bør være lett å forstå og benytte seg av for nye Kodi-brukere.</description>
    <description lang="pl">Confluence jest domyślną skóra dla Kodi w wersji 9.11 lub nowszych. Jest kombinacją pomysłów z wielu popularnych skór i próbą zawarcia tego, co w nich najlepsze w skórze, która będzie łatwa do opanowania dla początkującego użytkownika.</description>
    <description lang="pt">O tema "Confluence" é o tema predefinido do Kodi 9.11 e superior. É uma combinação de conceitos a partir de muitos temas populares e tenta integrar as boas ideias dos mesmos, num tema que deverá ser fácil de entender e utilizar para os novos utilizadores do Kodi.</description>
    <description lang="pt_BR">Confluence é a skin padrão do Kodi 9.11 e acima. É uma combinação de conceitos das mais populares skins, visando abraçar e integrar as boas ideias em uma skin  que seja fácil de entender e usar, destinada  aos usuários iniciantes do Kodi. </description>
    <description lang="ro">Confluence este costumul implicit pentru Kodi 9.11 și versiunile ulterioare. Este o combinație de concepte împrumutate de la mai multe costume populare, care încearcă să îmbrățișeze și să integreze ideile lor bune într-un costum care să fie ușor de înțeles și folosit de către utilizatorii Kodi începători.</description>
    <description lang="ru">Confluence — это стандартная обложка Kodi, начиная с версии 9.11. Она представляет собой сочетание концепций, взятых из многих популярных обложек, в попытке интегрировать их удачные идеи в обложке, которая была бы простой для использования и понимания новыми пользователями Kodi.</description>
    <description lang="sk">Confluence je predvolený pre Kodi 9.11 a vyššie. Je kombináciou konceptov z mnoho populárnych skinov a pokusom integrovať ich dobré nápady do skinu, ktorý by bol ľahko zrozumiteľný a použiteľný pre nových používateľov Kodi.</description>
    <description lang="sl">Confluence je privzeta preobleka za Kodi 9.11 in novejše. Je kombinacija konceptov mnogih priljubljenih preoblek in poskuša zaobjeti in integrirati njihove dobre ideje v preobleko, ki bi bila preprosta za uporabo in razumevanje tudi novim uporabnikom Kodi.</description>
    <description lang="sq">Confluence është maska kryesore për Kodi 9.11 dhe verzionet më të lartë. Është nje kombinim nga shumë maska e popullarizuar dhe përpjeket për të përqafuar dhe integruar idetë më të mira në një maskë që të jetë sa më lehtë në përdorim dhe kuptim për përdoruasit duke e përdorur Kodi për herë të parë.</description>
    <description lang="sv">Confluence är standardskal för Kodi 9.11 och senare. Det är en kombination av koncept från många populära skal i ett försök att använda och integrera flera goda idéer till ett skal som är enkelt för användare som precis har börjat använda Kodi att förstå och använda.</description>
    <description lang="ta_IN">Confluence தான் Kodi 9.11 க்கு இயல்புநிலை அலங்காரம். இது பல அலங்காரங்களின் தொகுப்பு என்று கூறலாம். இதன் மூலம் பல்வேறு அலங்காரதிலுள்ள நல்ல செயல்பாடுகளை ஒன்று செர்துள்ளபட்டுளது. முதல் முறையாக Kodi பயன்படுத்துதல் எளிமையாக இருக்கும்.</description>
    <description lang="tg">Пӯсти ҳамҷараёнӣ ҳамчун пӯсти пешфарз барои Kodi 9.11 ё версияи навтар истифода мешавад. Ин пӯст аз унсурҳои пӯстҳои машҳури дигар сохта шудааст ва ва ҳамаи фикрҳои беҳтарин дар як пӯст ҷамъ мекунад, то ки корбарони навомад тавонанд Kodi-ро ба осонӣ фаҳманд ва истифода баранд.</description>
    <description lang="th">Confluenceเป็นสกินเริ่มต้นสำหรับ Kodi 9.11 หรือสูงกว่า มันเป็นส่วนผสมของแนวคิดจากสกินที่ได้รับความนิยมและพยายามที่จะยอมรับและบูรณาการส่วนที่ดีของมันเข้าไปในสกิน ซึ่งน่าจะง่ายสำหรับผู้ใช้ Kodiใหม่ ที่จะเข้าใจและใช้งานได้ดี</description>
    <description lang="tr">Confluence Kodi 9.11 ve yukarısı için varsayılan dış görünümdür. Birçok popüler dış görünümün kavramlarını bir araya getirip ilk kez Kodi kullananlar için anlaşılması ve kullanımı kolaydır.</description>
    <description lang="uk">Confluence — це стандартна обкладинка Kodi, починаючи з версії 9.11. Концепції багатьох популярних обкладинок поєднано у спробі використати та інтегрувати їхні вдалі ідеї в обкладинці, що стала б зрозумілою та простою в застосуванні для нових користувачів Kodi.</description>
    <description lang="vi">Confluence là giao diện mặc định cho Kodi 9.11 and các phiên bản trở về trước. Đây là sự kết hợp các khái niệm đến từ các giao diện khác nhau nhằm hướng người dùng đến sự đơn giản và dễ sử dụng.</description>
    <description lang="zh">在 Kodi 9.11 之后的版本中 Confluence 是默认皮肤。它集合了许多流行皮肤的创意，力求把这些优点融合到一个皮肤中，使得首次使用 Kodi 的用户能更容易上手。</description>
    <description lang="zh_TW">Confluence 是從 Kodi 9.11 開始預設的佈景主題。它結合了許多受歡迎的佈景主題的概念，且試圖包含並整合它們的優點，使第一次使用 Kodi 的使用者可以簡單地上手。</description>
    <disclaimer lang="af">Confluence is die standaard tema vir Kodi, verwydering mag probleme veroorsaak</disclaimer>
    <disclaimer lang="ar">"كونفليونس" هو الجلد المبدأى لبرنامج إكس بى إم سى وإزالته قد تسبب مشاكل</disclaimer>
    <disclaimer lang="be">Confluence is the default skin for Kodi, removing it may cause issues</disclaimer>
    <disclaimer lang="bg">Confluence е стандартният облик на Kodi. Премахването му може да предизвика проблеми</disclaimer>
    <disclaimer lang="ca">Confluence és la pell per defecte de l'Kodi, la seva eliminació pot causar problemes.</disclaimer>
    <disclaimer lang="cs">Confluence je výchozím vzhledem Kodi, jeho odstranění může způsobit problémy</disclaimer>
    <disclaimer lang="cy">Confluence yw croen rhagosodedig Kodi, gall ei dynnu achosi anhawsterau</disclaimer>
    <disclaimer lang="da">Confluence er standardskin'et til Kodi. Fjernes det, kan der opstå problemer</disclaimer>
    <disclaimer lang="de">Confluence ist der Standardskin für Kodi. Die Deinstallation kann zu unerwünschten Nebeneffekten führen.</disclaimer>
    <disclaimer lang="el">Το Confluence είναι το προεπιλεγμένο κέλυφος για το Kodi, η αφαίρεσή του μπορεί να δημιουργήσει προβλήματα</disclaimer>
    <disclaimer lang="en">Confluence is the default skin for Kodi, removing it may cause issues</disclaimer>
    <disclaimer lang="en_AU">Confluence is the default skin for Kodi, removing it may cause issues</disclaimer>
    <disclaimer lang="en_NZ">Confluence is the default skin for Kodi, removing it may cause issues</disclaimer>
    <disclaimer lang="en_US">Confluence is the default skin for Kodi, removing it may cause issues</disclaimer>
    <disclaimer lang="es">Confluence es la skin por defecto de Kodi. Borrarla puede causar problemas</disclaimer>
    <disclaimer lang="es_AR">Confluence es el skin por defecto de Kodi. Borrarlo puede causar problemas</disclaimer>
    <disclaimer lang="es_MX">Confluence es el skin por defecto para Kodi, removerlo podría causar problemas</disclaimer>
    <disclaimer lang="es_VE">"Confluence" es el tema predeterminado para Kodi, eliminarlo puedes causar problemas</disclaimer>
    <disclaimer lang="et">Confluence on Kodi vaikerüü. Selle eemaldamine võib põhjustada ootamatusi.</disclaimer>
    <disclaimer lang="fi">Confluence on Kodi:n oletusulkoasu, sen poistaminen saattaa aiheuttaa ongelmia</disclaimer>
    <disclaimer lang="fil">Ang Confluence ay ang default skin ng Kodi. Ang pagtanggal nito ay maaring magdulot ng problema</disclaimer>
    <disclaimer lang="fo">Confluence er vanliga útsjónding brúkt av Kodi. Strikan kann viðføra brek.</disclaimer>
    <disclaimer lang="fr">Confluence est le thème par défaut de Kodi, le supprimer peut créer des problèmes</disclaimer>
    <disclaimer lang="fr_CA">Confluence est l'habillage par défaut de Kodi, le supprimer peut créer des problèmes</disclaimer>
    <disclaimer lang="gl">Confluence é a pel predeterminada para Kodi e eliminala pode causas problemas.</disclaimer>
    <disclaimer lang="he">Confluence הוא סקין ברירת המחדל של Kodi, הסרה שלו עלולה לגרום לבעיות.</disclaimer>
    <disclaimer lang="hr">Confluence je uobičajena presvlaka za Kodi, njegovim uklanjanjem može uzrokovati poteškoće.</disclaimer>
    <disclaimer lang="hu">A Confluence az alapértelmezett Kodi felszín. Eltávolítása problémákat okozhat.</disclaimer>
    <disclaimer lang="id">Confluence merupakan skin bawaan untuk Kodi, menghapusnya mungkin menyebabkan permasalahan</disclaimer>
    <disclaimer lang="is">Confluence er sjálfgefið útlit Kodi, það getur orsakað vandamál að fjarlægja það.</disclaimer>
    <disclaimer lang="it">Confluence è la skin predefinita di Kodi, l'eliminazione potrebbe comportare dei problemi.</disclaimer>
    <disclaimer lang="ja">Confluence は Kodi のデフォルトスキンですので、これを削除するとうまく動かなくなる可能性があります</disclaimer>
    <disclaimer lang="ko">Confluence는 Kodi의 기본스킨으로 제거시 문제가 생길 수 있습니다.</disclaimer>
    <disclaimer lang="lt">Confluence yra numatytoji Kodi teminė išvaizda, ją panaikinus ar pakeitus gali kilti problemų</disclaimer>
    <disclaimer lang="lv">Confluence ir Kodi pamatāda, dzēšot to var rasties problēmas</disclaimer>
    <disclaimer lang="mk">Confluence е подразбирачка маска, бришењето може да предизвика пречки</disclaimer>
    <disclaimer lang="ms">Penyatuan ialah kulit lalai Kodi, mengubahnya boleh menimbulkan isu.</disclaimer>
    <disclaimer lang="nl">Confluence is de standaard Kodi skin, het verwijderen van Confluence kan leiden tot problemen.</disclaimer>
    <disclaimer lang="no">Confluence er standardskallet for Kodi, å fjerne det kan skape problemer</disclaimer>
    <disclaimer lang="pl">Confluence jest domyślną skórą Kodi. Jej usunięcie może powodować problemy.</disclaimer>
    <disclaimer lang="pt">O tema "Confluence" é o tema predefinido do Kodi, e removê-lo pode causar problemas.</disclaimer>
    <disclaimer lang="pt_BR">Confluence é a skin padrão do Kodi, removê-la pode lhe causar problemas.</disclaimer>
    <disclaimer lang="ro">Confluence este costumul implicit pentru Kodi, dacă îl eliminați pot apărea probleme!</disclaimer>
    <disclaimer lang="ru">Confluence — это стандартная обложка Kodi, и ее удаление может привести к возникновению проблем</disclaimer>
    <disclaimer lang="sk">Confluence je predvolený skin pre Kodi, jeho odstránenie môže spôsobiť problémy</disclaimer>
    <disclaimer lang="sl">Confluence je privzeta preobleka za Kodi, njena odstranitev lahko povzroči težave</disclaimer>
    <disclaimer lang="sq">Confluence është maska kryesore së Kodi, fshirja e saj mund të shkaktoj çështje.</disclaimer>
    <disclaimer lang="sv">Confluence är standardskal för Kodi. Att ta bort detta skal kan skapa problem.</disclaimer>
    <disclaimer lang="ta_IN">Confluence தான் Kodi யின் இயல்புநிலை அலங்காரம், அதை நீக்குவதால் சிக்கல்கள் ஏற்படலாம்</disclaimer>
    <disclaimer lang="tg">Пӯсти ҳамҷараёнӣ ҳамчун пӯсти пешфарз барои Kodi истифода шуда истодааст ва агар онро тоза кунед, мӯшкилӣ метавонад ба вуҷуд ояд</disclaimer>
    <disclaimer lang="th">Confluence เป็นสกินเริ่มต้นสำหรับ Kodi การลบมัน อาจทำให้เกิดปัญหา</disclaimer>
    <disclaimer lang="tr">Confluence Kodi için varsayılan dış görünümdür, kaldırmak sorunlara yol açabilir</disclaimer>
    <disclaimer lang="uk">Confluence — основна обкладинка Kodi, і її видалення може призвести до проблем</disclaimer>
    <disclaimer lang="vi">Confluence là giao diện mặc định của Kodi, loại bỏ giao diện này có thể gây ra lỗi cho chương trình</disclaimer>
    <disclaimer lang="zh">Confluence 是 Kodi 的默认皮肤，删除它可能导致故障。</disclaimer>
    <disclaimer lang="zh_TW">Confluence 是 Kodi 預設的佈景主題，移除它可能會造成問題</disclaimer>
    <platform>all</platform>
  </extension>
</addon>
