<?xml version="1.0" encoding="UTF-8"?>
<window>
  <defaultcontrol>105</defaultcontrol>
  <allowoverlay>no</allowoverlay>
  <controls>
    <include>CommonBackground</include>
    <control type="image">
      <left>0</left>
      <top>100r</top>
      <width>1280</width>
      <height>100</height>
      <!--texture>floor.png</texture-->
      <include>VisibleFadeEffect</include>
    </control>
    <control type="group">
      <left>90</left>
      <top>30</top>
      <animation type="WindowOpen" reversible="false">
        <effect type="zoom" start="80" end="100" center="640,360" easing="out" tween="back" time="300"/>
        <effect type="fade" start="0" end="100" time="300"/>
      </animation>
      <animation type="WindowClose" reversible="false">
        <effect type="zoom" start="100" end="80" center="640,360" easing="in" tween="back" time="300"/>
        <effect type="fade" start="100" end="0" time="300"/>
      </animation>
      <control type="image">
        <left>5</left>
        <top>5</top>
        <width>1090</width>
        <height>630</height>
        <texture border="15">ContentPanel.png</texture>
      </control>
      <control type="image">
        <left>5</left>
        <top>625</top>
        <width>1090</width>
        <height>64</height>
        <texture border="15">ContentPanelMirror.png</texture>
      </control>
      <control type="button">
        <description>Close Window button</description>
        <left>980</left>
        <top>11</top>
        <width>64</width>
        <height>32</height>
        <label>-</label>
        <font>-</font>
        <onclick>PreviousMenu</onclick>
        <texturefocus>DialogCloseButton-focus.png</texturefocus>
        <texturenofocus>DialogCloseButton.png</texturenofocus>
        <onleft>1</onleft>
        <onright>1</onright>
        <onup>1</onup>
        <ondown>1</ondown>
        <visible>system.getbool(input.enablemouse)</visible>
        <include>VisibleFadeEffect</include>
      </control>
      <control type="image">
        <description>LOGO</description>
        <left>30</left>
        <top>15</top>
        <width>220</width>
        <height>80</height>
        <aspectratio>keep</aspectratio>
        <texture>alienware/alienware-logo.png</texture>
      </control>
      <control type="grouplist" id="103">
        <description>button area</description>
        <left>10</left>
        <top>90</top>
        <width>260</width>
        <height>481</height>
        <itemgap>-1</itemgap>
        <onleft>5</onleft>
        <onright>5</onright>
        <onup>3</onup>
        <ondown>20</ondown>
      </control>
      <control type="image">
        <left>268</left>
        <top>10</top>
        <width>790</width>
        <height>618</height>
        <texture border="5">black-back2.png</texture>
      </control>
      <control type="image">
        <left>268</left>
        <top>10</top>
        <width>790</width>
        <height>52</height>
        <texture>dialogheader.png</texture>
      </control>
      <control type="label">
        <description>header label</description>
        <left>300</left>
        <top>20</top>
        <width>726</width>
        <height>30</height>
        <font>font16</font>
        <label>$ADDON[script.module.aw.devicesettings 33002]</label>
        <align>center</align>
        <aligny>center</aligny>
        <textcolor>white</textcolor>
        <shadowcolor>black</shadowcolor>
      </control>
      <control type="grouplist" id="105">
        <description>control area</description>
        <defaultcontrol>106</defaultcontrol>
        <orientation>vertical</orientation>
        <left>290</left>
        <top>70</top>
        <width>750</width>
        <height>435</height>
        <itemgap>3</itemgap>
        <control type="group" id="106">
          <top>0</top>
          <left>0</left>
          <height>45</height>
          <width>740</width>
          <visible>true</visible>
          <control type="button" id="107">
            <description>Left Button</description>
            <left>50</left>
            <width>30</width>
            <height>45</height>
            <align>left</align>
            <textoffsetx>7</textoffsetx>
            <aligny>center</aligny>
            <texturenofocus>alienware/blank.png</texturenofocus>
            <texturefocus>alienware/circle.png</texturefocus>
            <textcolor>FFFFFFFF</textcolor>
            <focusedcolor>FFFFFFFF</focusedcolor>
            <disabledcolor>80FFFFFF</disabledcolor>
            <invalidcolor>FFFFFFFF</invalidcolor>
            <label>&#61523;</label>
            <font>fontawesome</font>
            <onright>109</onright>
            <onleft>109</onleft>
          </control>
          <control type="button" id="109">
            <description>Right Button</description>
            <left>415</left>
            <width>30</width>
            <height>45</height>
            <align>right</align>
            <textoffsetx>6</textoffsetx>
            <aligny>center</aligny>
            <texturenofocus>alienware/blank.png</texturenofocus>
            <texturefocus>alienware/circle.png</texturefocus>
            <textcolor>FFFFFFFF</textcolor>
            <focusedcolor>FFFFFFFF</focusedcolor>
            <disabledcolor>80FFFFFF</disabledcolor>
            <invalidcolor>FFFFFFFF</invalidcolor>
            <label>&#61524;</label>
            <font>fontawesome</font>
            <onright>107</onright>
            <onleft>107</onleft>
          </control>
          <control type="button" id="110">
            <left>0</left>
            <width>50</width>
            <height>45</height>
            <texturefocus>alienware/blank.png</texturefocus>
            <texturenofocus>alienware/blank.png</texturenofocus>
          </control>
          <control type="button" id="111">
            <left>80</left>
            <width>335</width>
            <height>45</height>
            <texturefocus>alienware/blank.png</texturefocus>
            <texturenofocus>alienware/blank.png</texturenofocus>
          </control>
          <control type="button">
            <left>445</left>
            <width>5</width>
            <height>45</height>
            <texturefocus>alienware/blank.png</texturefocus>
            <texturenofocus>alienware/blank.png</texturenofocus>
          </control>
          <control type="image">
            <left>0</left>
            <top>0</top>
            <height>45</height>
            <visible>ControlGroup(106).HasFocus()</visible>
            <texture border="5">MenuItemFO.png</texture>
          </control>
          <control type="image">
            <left>0</left>
            <top>0</top>
            <height>45</height>
            <visible>!ControlGroup(106).HasFocus()</visible>
            <texture border="5">MenuItemNF.png</texture>
          </control>
          <control type="label" id="108">
            <left>0</left>
            <top>0</top>
            <height>0</height>
            <align>left</align>
            <aligny>center</aligny>
            <textcolor>white</textcolor>
            <visible>false</visible>
          </control>
        </control>
        <control type="group" id="114">
          <top>45</top>
          <left>0</left>
          <height>45</height>
          <width>740</width>
          <visible>true</visible>
          <control type="button" id="115">
            <description>Left Button</description>
            <left>50</left>
            <width>30</width>
            <height>45</height>
            <align>left</align>
            <textoffsetx>7</textoffsetx>
            <aligny>center</aligny>
            <texturenofocus>alienware/blank.png</texturenofocus>
            <texturefocus>alienware/circle.png</texturefocus>
            <textcolor>FFFFFFFF</textcolor>
            <focusedcolor>FFFFFFFF</focusedcolor>
            <disabledcolor>80FFFFFF</disabledcolor>
            <invalidcolor>FFFFFFFF</invalidcolor>
            <label>&#61523;</label>
            <font>fontawesome</font>
            <onright>117</onright>
            <onleft>117</onleft>
          </control>
          <control type="button" id="117">
            <description>Right Button</description>
            <left>415</left>
            <width>30</width>
            <height>45</height>
            <align>right</align>
            <textoffsetx>6</textoffsetx>
            <aligny>center</aligny>
            <texturenofocus>alienware/blank.png</texturenofocus>
            <texturefocus>alienware/circle.png</texturefocus>
            <textcolor>FFFFFFFF</textcolor>
            <focusedcolor>FFFFFFFF</focusedcolor>
            <disabledcolor>80FFFFFF</disabledcolor>
            <invalidcolor>FFFFFFFF</invalidcolor>
            <label>&#61524;</label>
            <font>fontawesome</font>
            <onright>115</onright>
            <onleft>115</onleft>
          </control>
          <control type="button" id="118">
            <left>0</left>
            <width>50</width>
            <height>45</height>
            <texturefocus>alienware/blank.png</texturefocus>
            <texturenofocus>alienware/blank.png</texturenofocus>
          </control>
          <control type="button" id="119">
            <left>80</left>
            <width>335</width>
            <height>45</height>
            <texturefocus>alienware/blank.png</texturefocus>
            <texturenofocus>alienware/blank.png</texturenofocus>
          </control>
          <control type="button">
            <left>445</left>
            <width>5</width>
            <height>45</height>
            <texturefocus>alienware/blank.png</texturefocus>
            <texturenofocus>alienware/blank.png</texturenofocus>
          </control>
          <control type="image">
            <left>0</left>
            <top>0</top>
            <height>45</height>
            <visible>ControlGroup(114).HasFocus()</visible>
            <texture border="5">MenuItemFO.png</texture>
          </control>
          <control type="image">
            <left>0</left>
            <top>0</top>
            <height>45</height>
            <visible>!ControlGroup(114).HasFocus()</visible>
            <texture border="5">MenuItemNF.png</texture>
          </control>
          <control type="label" id="116">
            <left>0</left>
            <top>0</top>
            <height>0</height>
            <align>left</align>
            <aligny>center</aligny>
            <textcolor>white</textcolor>
            <visible>false</visible>
          </control>
        </control>
        <control type="group" id="124">
          <top>90</top>
          <left>0</left>
          <height>45</height>
          <width>740</width>
          <visible>true</visible>
          <control type="button" id="125">
            <description>Left Button</description>
            <left>50</left>
            <width>30</width>
            <height>45</height>
            <align>left</align>
            <textoffsetx>7</textoffsetx>
            <aligny>center</aligny>
            <texturenofocus>alienware/blank.png</texturenofocus>
            <texturefocus>alienware/circle.png</texturefocus>
            <textcolor>FFFFFFFF</textcolor>
            <focusedcolor>FFFFFFFF</focusedcolor>
            <disabledcolor>80FFFFFF</disabledcolor>
            <invalidcolor>FFFFFFFF</invalidcolor>
            <label>&#61523;</label>
            <font>fontawesome</font>
            <onright>128</onright>
            <onleft>128</onleft>
          </control>
          <control type="image" id="126">
            <left>85</left>
            <top>15</top>
            <width>1</width>
            <height>15</height>
            <aligny>center</aligny>
            <visible>true</visible>
            <texture>alienware/sliderbg.png</texture>
          </control>
          <control type="label" id="127">
            <description>Value</description>
            <left>355</left>
            <width>60</width>
            <height>45</height>
            <align>center</align>
            <aligny>center</aligny>
            <textcolor>white</textcolor>
            <shadowcolor>black</shadowcolor>
          </control>
          <control type="button" id="128">
            <description>Right Button</description>
            <left>415</left>
            <width>30</width>
            <height>45</height>
            <align>right</align>
            <textoffsetx>6</textoffsetx>
            <aligny>center</aligny>
            <texturenofocus>alienware/blank.png</texturenofocus>
            <texturefocus>alienware/circle.png</texturefocus>
            <textcolor>FFFFFFFF</textcolor>
            <focusedcolor>FFFFFFFF</focusedcolor>
            <disabledcolor>80FFFFFF</disabledcolor>
            <invalidcolor>FFFFFFFF</invalidcolor>
            <label>&#61524;</label>
            <font>fontawesome</font>
            <onright>125</onright>
            <onleft>125</onleft>
          </control>
          <control type="button" id="129">
            <left>0</left>
            <width>50</width>
            <height>45</height>
            <texturefocus>alienware/blank.png</texturefocus>
            <texturenofocus>alienware/blank.png</texturenofocus>
          </control>
          <control type="button" id="130">
            <left>80</left>
            <width>335</width>
            <height>45</height>
            <texturefocus>alienware/blank.png</texturefocus>
            <texturenofocus>alienware/blank.png</texturenofocus>
          </control>
          <control type="button">
            <left>445</left>
            <width>5</width>
            <height>45</height>
            <texturefocus>alienware/blank.png</texturefocus>
            <texturenofocus>alienware/blank.png</texturenofocus>
          </control>
          <control type="image">
            <left>0</left>
            <top>0</top>
            <height>45</height>
            <visible>ControlGroup(124).HasFocus()</visible>
            <texture border="5">MenuItemFO.png</texture>
          </control>
          <control type="image">
            <left>0</left>
            <top>0</top>
            <height>45</height>
            <visible>!ControlGroup(124).HasFocus()</visible>
            <texture border="5">MenuItemNF.png</texture>
          </control>
        </control>
      </control>
      <control type="image">
        <description>separator image</description>
        <left>290</left>
        <top>525</top>
        <width>750</width>
        <height>2</height>
        <texture>separator2.png</texture>
        <colordiffuse>40FFFFFF</colordiffuse>
      </control>
      <control type="textbox" id="6">
        <description>description area</description>
        <left>297</left>
        <top>530</top>
        <width>736</width>
        <height>85</height>
        <font>font13</font>
        <align>justify</align>
        <textcolor>white</textcolor>
        <autoscroll time="3000" delay="4000" repeat="5000">true</autoscroll>
      </control>
    </control>
    <include>BehindDialogFadeOut</include>
    <control type="button" id="10">
      <description>Default Category Button</description>
      <height>60</height>
      <width>260</width>
      <textoffsetx>20</textoffsetx>
      <align>right</align>
      <aligny>center</aligny>
      <font>font13_title</font>
      <textcolor>white</textcolor>
      <focusedcolor>white</focusedcolor>
      <texturefocus border="5">MenuItemFO.png</texturefocus>
      <texturenofocus border="5">MenuItemNF.png</texturenofocus>
      <pulseonselect>false</pulseonselect>
    </control>
    <control type="button" id="7">
      <description>Default Button</description>
      <left>0</left>
      <top>0</top>
      <height>40</height>
      <font>font13</font>
      <textcolor>white</textcolor>
      <focusedcolor>white</focusedcolor>
      <invalidcolor>invalid</invalidcolor>
      <texturefocus border="0,2,0,2">MenuItemFO.png</texturefocus>
      <texturenofocus border="0,2,0,2">MenuItemNF.png</texturenofocus>
    </control>
    <control type="image" id="11">
      <description>separator image</description>
      <height>2</height>
      <texture>separator2.png</texture>
    </control>
    <control type="label" id="2">
      <description>Fake Label so we can pass it value down to the one below</description>
      <left>0</left>
      <top>0</top>
      <width>0</width>
      <height>0</height>
      <font>-</font>
      <visible>false</visible>
    </control>
    <control type="image">
      <description>Section header image</description>
      <left>20</left>
      <top>3</top>
      <width>35</width>
      <height>35</height>
      <aspectratio>keep</aspectratio>
      <texture>icon_system.png</texture>
    </control>
    <control type="grouplist">
      <left>65</left>
      <top>5</top>
      <width>1000</width>
      <height>30</height>
      <orientation>horizontal</orientation>
      <align>left</align>
      <itemgap>5</itemgap>
      <control type="label">
        <include>WindowTitleCommons</include>
        <label>$ADDON[script.module.aw.devicesettings 33000] > $ADDON[script.module.aw.devicesettings 33002]</label>
      </control>
    </control>
    <include>Clock</include>
  </controls>
</window>
