<?xml version="1.0" encoding="UTF-8"?>
<window>
	<defaultcontrol always="true">9000</defaultcontrol>
	<allowoverlay>no</allowoverlay>
	<controls>
		<include>CommonBackground</include>
		<control type="image">
			<left>0</left>
			<top>100r</top>
			<width>1280</width>
			<height>100</height>
			<!--texture>floor.png</texture-->
			<animation effect="slide" start="0,10" end="0,0" time="200" condition="Window.Previous(Home)">WindowOpen</animation>
			<animation effect="slide" start="0,0" end="0,10" time="200" condition="Window.Next(Home)">WindowClose</animation>
		</control>
		<control type="group">
			<left>90</left>
			<top>30</top>
			<animation type="WindowOpen" reversible="false">
				<effect type="zoom" start="80" end="100" center="640,360" easing="out" tween="back" time="300"/>
				<effect type="fade" start="0" end="100" time="300"/>
			</animation>
			<animation type="WindowClose" reversible="false">
				<effect type="zoom" start="100" end="80" center="640,360" easing="in" tween="back" time="300"/>
				<effect type="fade" start="100" end="0" time="300"/>
			</animation>
			<control type="image">
				<left>5</left>
				<top>5</top>
				<width>1090</width>
				<height>630</height>
				<texture border="15">ContentPanel.png</texture>
			</control>
			<control type="image">
				<left>5</left>
				<top>625</top>
				<width>1090</width>
				<height>64</height>
				<texture border="15">ContentPanelMirror.png</texture>
			</control>
			<control type="button">
				<description>Close Window button</description>
				<left>980</left>
				<top>11</top>
				<width>64</width>
				<height>32</height>
				<label>-</label>
				<font>-</font>
				<onclick>PreviousMenu</onclick>
				<texturefocus>DialogCloseButton-focus.png</texturefocus>
				<texturenofocus>DialogCloseButton.png</texturenofocus>
				<onleft>1</onleft>
				<onright>1</onright>
				<onup>1</onup>
				<ondown>1</ondown>
				<visible>system.getbool(input.enablemouse)</visible>
			</control>
			<control type="image">
				<description>LOGO</description>
				<left>30</left>
				<top>15</top>
				<width>220</width>
				<height>80</height>
				<aspectratio>keep</aspectratio>
				<texture>alienware/alienware-logo.png</texture>
			</control>
			<control type="list" id="9000">
				<left>10</left>
				<top>82</top>
				<width>260</width>
				<height>541</height>
				<onleft>9000</onleft>
				<onright>9001</onright>
				<onup>9000</onup>
				<ondown>9000</ondown>
				<pagecontrol>-</pagecontrol>
				<scrolltime>300</scrolltime>
				<itemlayout height="54" width="260">
					<control type="image">
						<left>0</left>
						<top>0</top>
						<width>260</width>
						<height>55</height>
						<texture border="5">MenuItemNF.png</texture>
					</control>
					<control type="label">
						<left>10</left>
						<top>0</top>
						<width>240</width>
						<height>55</height>
						<font>font24_title</font>
						<textcolor>grey3</textcolor>
						<align>right</align>
						<aligny>center</aligny>
						<label>$INFO[ListItem.Label]</label>
					</control>
				</itemlayout>
				<focusedlayout height="54" width="260">
					<control type="image">
						<left>0</left>
						<top>0</top>
						<width>260</width>
						<height>55</height>
						<texture border="5">MenuItemFO.png</texture>
					</control>
					<control type="label">
						<left>10</left>
						<top>0</top>
						<width>240</width>
						<height>55</height>
						<font>font24_title</font>
						<textcolor>white</textcolor>
						<align>right</align>
						<aligny>center</aligny>
						<label>$INFO[ListItem.Label]</label>
					</control>
				</focusedlayout>
				<content>
					<item id="1">
            <label>$ADDON[script.module.aw.devicesettings 33001]</label>
            <label2>$ADDON[script.module.aw.devicesettings 33011]</label2>
						<onclick>XBMC.RunScript("special://home\addons\script.module.aw.devicesettings\audiosettings.py")</onclick>
						<icon>-</icon>
					</item>
					<item id="2">
            <label>$ADDON[script.module.aw.devicesettings 33002]</label>
            <label2>$ADDON[script.module.aw.devicesettings 33012]</label2>
            <onclick>XBMC.RunScript("special://home\addons\script.module.aw.devicesettings\alienfxsettings.py")</onclick>
            <icon>-</icon>
					</item>
					<item id="3">
            <label>$ADDON[script.module.aw.devicesettings 33003]</label>
            <label2>$ADDON[script.module.aw.devicesettings 33013]</label2>
            <onclick>XBMC.RunScript("special://home\addons\script.module.aw.devicesettings\networksettings.py")</onclick>
					</item>
				</content>
			</control>
			<control type="image">
				<left>268</left>
				<top>10</top>
				<width>804</width>
				<height>50</height>
				<texture border="5">black-back2.png</texture>
			</control>
			<control type="image">
				<left>268</left>
				<top>10</top>
				<width>804</width>
				<height>54</height>
				<texture>dialogheader.png</texture>
			</control>
			<control type="label">
				<description>header label</description>
				<left>300</left>
				<top>20</top>
				<width>740</width>
				<height>30</height>
				<font>font16</font>
				<label>$ADDON[script.module.aw.devicesettings 33010]</label>
				<align>center</align>
				<aligny>center</aligny>
				<textcolor>white</textcolor>
				<shadowcolor>black</shadowcolor>
			</control>
			<control type="image">
				<left>270</left>
				<top>60</top>
				<width>800</width>
				<height>450</height>
				<texture border="5">button-nofocus.png</texture>
			</control>
			<control type="image">
				<left>272</left>
				<top>62</top>
				<width>796</width>
				<height>446</height>
				<aspectratio>stretch</aspectratio>
				<fadetime>600</fadetime>
				<texture background="true">settings.jpg</texture>
			</control>
			<control type="image">
				<left>272</left>
				<top>62</top>
				<width>600</width>
				<height>340</height>
				<aspectratio>stretch</aspectratio>
				<texture>GlassOverlay.png</texture>
				<colordiffuse>AAFFFFFF</colordiffuse>
			</control>
			<control type="image">
				<left>268</left>
				<top>510</top>
				<width>804</width>
				<height>118</height>
				<texture border="5">black-back2.png</texture>
			</control>
			<control type="textbox">
				<description>Appearance Description</description>
				<left>300</left>
				<top>520</top>
				<width>740</width>
				<height>100</height>
				<font>font12</font>
				<label>$INFO[Container(9000).ListItem.Label2]</label>
				<align>left</align>
				<textcolor>white</textcolor>
				<shadowcolor>black</shadowcolor>
			</control>
		</control>
		<include>BehindDialogFadeOut</include>
		<control type="image">
			<description>Section header image</description>
			<left>20</left>
			<top>3</top>
			<width>35</width>
			<height>35</height>
			<aspectratio>keep</aspectratio>
			<texture>icon_system.png</texture>
		</control>
		<control type="grouplist">
			<left>65</left>
			<top>5</top>
			<width>1000</width>
			<height>30</height>
			<orientation>horizontal</orientation>
			<align>left</align>
			<itemgap>5</itemgap>
			<control type="label">
				<include>WindowTitleCommons</include>
				<label>$ADDON[script.module.aw.devicesettings 33000]</label>
			</control>
		</control>
		<include>Clock</include>
	</controls>
</window>
