<?xml version="1.0" encoding="UTF-8"?>
<window>
  <defaultcontrol always="true">9000</defaultcontrol>
  <allowoverlay>yes</allowoverlay>
  <controls>
    <include>CommonBackgroundNoExit</include>
    <control type="label">
      <description>Welcome to alpha ui</description>
      <font>goodtime10</font>
      <top>70</top>
      <textcolor>red</textcolor>
      <width>500</width>
      <height>50</height>
      <left>170</left>
      <label>31600</label>
	  <scroll>true</scroll>
    </control>
    <control type="group">
      <top>180</top>
      <left>172</left>
      <control type="list" id="9000">
        <width>1250</width>
        <height>400</height>
        <onleft>9000</onleft>
        <onright>9000</onright>
        <ondown>9001</ondown>
        <focusposition>1</focusposition>
        <movement>1</movement>
        <orientation>Horizontal</orientation>
        <itemlayout height="280" width="235">
          <control type="image">
            <left>0</left>
            <width>230</width>
            <height>265</height>
            <texture>special://skin/media/alienware/Power_box.png</texture>
          </control>
          <control type="image">
            <top>60</top>
            <height>80</height>
            <alignx>center</alignx>
            <width>230</width>
            <aspectratio>keep</aspectratio>
            <description>The icon</description>
            <texture>$INFO[ListItem.icon]</texture>
          </control>
          <control type="label">
            <top>180</top>
            <alignx>center</alignx>
            <width>230</width>
            <height>70</height>
            <font>goodtime14</font>
            <align>center</align>
            <aligny>top</aligny>
            <label>$INFO[ListItem.Label]</label>
          </control>
        </itemlayout>
        <focusedlayout height="280" width="235">
          <control type="image">
            <left>0</left>
            <height>265</height>
            <width>2</width>
            <texture>special://skin/media/alienware/white_border.png</texture>
          </control>
          <control type="image">
            <left>0</left>
            <height>2</height>
            <width>230</width>
            <texture>special://skin/media/alienware/white_border.png</texture>
          </control>
          <control type="image">
            <left>230</left>
            <height>265</height>
            <width>2</width>
            <texture>special://skin/media/alienware/white_border.png</texture>
          </control>
          <control type="image">
            <top>265</top>
            <left>0</left>
            <height>2</height>
            <width>230</width>
            <texture>special://skin/media/alienware/white_border.png</texture>
          </control>
          <control type="image">
            <left>0</left>
            <width>230</width>
            <height>265</height>
            <texture>special://skin/media/alienware/power_selected.png</texture>
          </control>
          <control type="image">
            <top>60</top>
            <alignx>center</alignx>
            <height>80</height>
            <width>230</width>
            <aspectratio>keep</aspectratio>
            <description>The icon</description>
            <texture>$INFO[ListItem.icon]</texture>
          </control>
          <control type="label">
            <top>180</top>
            <alignx>center</alignx>
            <width>230</width>
            <height>70</height>
            <font>goodtime14</font>
            <textcolor>white</textcolor>
            <align>center</align>
            <aligny>top</aligny>
            <label>$INFO[ListItem.Label]</label>
          </control>
        </focusedlayout>
        <content>
          <item id="91">
            <label>[UPPERCASE]$LOCALIZE[31605][/UPPERCASE]</label>
            <!-- Launch Steam -->
            <onclick>XBMC.RunScript("special://skin\scripts\launch_steam.py")</onclick>
            <icon>special://skin/media/alienware/icon_SteamLogo.png</icon>
          </item>
          <item id="92">
            <label>[UPPERCASE]$LOCALIZE[31606][/UPPERCASE]</label>
            <!-- settings -->
            <onclick>ActivateWindow(Settings)</onclick>
            <icon>special://skin/media/alienware/icon_settings.png</icon>
          </item>
          <item id="93">
            <label>[UPPERCASE]$LOCALIZE[31608][/UPPERCASE]</label>
            <!-- help -->
            <icon>special://skin/media/alienware/icon_Helpcontroller.png</icon>
            <onclick>XBMC.RunScript("special://skin\scripts\help.py")</onclick>
          </item>
          <item id="90">
            <label>[UPPERCASE]$LOCALIZE[31604][/UPPERCASE]</label>
            <!-- POWER -->
            <onclick>ActivateWindow(ShutdownMenu)</onclick>
            <icon>special://skin/media/alienware/icon_power.png</icon>
            <thumb>special://skin/media/alienware/icon_power.png</thumb>
          </item>
        </content>
      </control>
    </control>
  </controls>
</window>
