<?xml version="1.0" encoding="UTF-8" standalone="yes"?>
<addon  id="script.module.aw.devicesettings" 
        name="Hive Device Settings" 
        version="0.12.0" 
        provider-name="Alienware">
  <requires>
    <import addon="xbmc.python" version="2.1.0"/>
  </requires>
  <extension point="xbmc.python.script" library="devicesettings.py">
  </extension>
  <extension point="xbmc.addon.metadata">
    <platform>all</platform>
    <minversion>1</minversion>
    <summary lang="en">Hive Device Settings</summary>
    <description lang="en">Hive Device Settings</description>
  </extension>
</addon>
