<?xml version="1.0" encoding="UTF-8" standalone="yes"?>
<addon  id="script.aw.themes" 
        name="AlienUI Themes" 
        version="0.0.3" 
        provider-name="Alienware">
  <requires>
    <import addon="xbmc.python" version="2.1.0"/>
  </requires>
  <extension point="xbmc.service"
             library="install_themes.py" start="startup">
  </extension>
  <extension point="xbmc.addon.metadata">
    <platform>all</platform>
    <minversion>1</minversion>
    <summary lang="en">AlienUI Themes</summary>
    <description lang="en">AlienUI Themes</description>
  </extension>
</addon>
