<?xml version="1.0" encoding="UTF-8"?>
<fonts>
  <fontset id="Default" idloc="31390">
    <!-- Normal Fonts -->
    <font>
      <name>font10</name>
      <filename>GOODTIME.ttf</filename>
      <size>14</size>
    </font>
    <font>
      <name>font12</name>
      <filename>GOODTIME.ttf</filename>
      <size>17</size>
    </font>
    <font>
      <name>font13</name>
      <filename>GOODTIME.ttf</filename>
      <size>20</size>
    </font>
    <font>
      <name>font14</name>
      <filename>GOODTIME.ttf</filename>
      <size>22</size>
    </font>
    <font>
      <name>font16</name>
      <filename>GOODTIME.ttf</filename>
      <size>25</size>
    </font>
    <font>
      <name>font30</name>
      <filename>GOODTIME.ttf</filename>
      <size>30</size>
    </font>
    <font>
      <name>fontContextMenu</name>
      <filename>GOODTIME.ttf</filename>
      <size>18</size>
    </font>
    <!-- Title Fonts -->
    <font>
      <name>font10_title</name>
      <filename>GOODTIME.ttf</filename>
      <size>12</size>
    </font>
    <font>
      <name>font12_title</name>
      <filename>GOODTIME.ttf</filename>
      <size>17</size>
    </font>
    <font>
      <name>font13_title</name>
      <filename>GOODTIME.ttf</filename>
      <size>20</size>
    </font>
    <font>
      <name>font24_title</name>
      <filename>GOODTIME.ttf</filename>
      <size>24</size>
    </font>
    <font>
      <name>font28_title</name>
      <filename>GOODTIME.ttf</filename>
      <size>28</size>
    </font>
    <font>
      <name>font30_title</name>
      <filename>GOODTIME.ttf</filename>
      <size>30</size>
    </font>
    <font>
      <name>font35_title</name>
      <filename>GOODTIME.ttf</filename>
      <size>35</size>
    </font>

    <font>
      <name>font_MainMenu</name>
      <filename>GOODTIME.ttf</filename>
      <size>40</size>
    </font>
    <font>
      <name>WeatherTemp</name>
      <filename>GOODTIME.ttf</filename>
      <size>80</size>
    </font>

    <!-- Goodtime Fonts -->
    <font>
      <name>goodtime8</name>
      <filename>GOODTIME.ttf</filename>
      <size>12</size>
    </font>
    <font>
      <name>goodtime10</name>
      <filename>GOODTIME.ttf</filename>
      <size>14</size>
    </font>
    <font>
      <name>goodtime12</name>
      <filename>GOODTIME.ttf</filename>
      <size>17</size>
    </font>
    <font>
      <name>goodtime13</name>
      <filename>GOODTIME.ttf</filename>
      <size>20</size>
    </font>
    <font>
      <name>goodtime14</name>
      <filename>GOODTIME.ttf</filename>
      <size>22</size>
    </font>
    <font>
      <name>goodtime16</name>
      <filename>GOODTIME.ttf</filename>
      <size>25</size>
    </font>
    <font>
      <name>goodtime30</name>
      <filename>GOODTIME.ttf</filename>
      <size>30</size>
    </font>
    <font>
      <name>breadcrumb</name>
      <filename>GOODTIME.ttf</filename>
      <size>17</size>
      <style>uppercase</style>
    </font>
    <font>
      <name>fontconfirmdialog</name>
      <filename>GOODTIME.ttf</filename>
      <size>17</size>
      <style>uppercase</style>
    </font>
    <!-- normal fonts -->
    <font>
      <name>normal_item</name>
      <filename>pillgothic300mg-regular.ttf</filename>
      <size>22</size>
    </font>
    <font>
      <name>small_item</name>
      <filename>pillgothic300mg-regular.ttf</filename>
      <size>16</size>
    </font>
    <font>
      <name>large_item</name>
      <filename>pillgothic300mg-regular.ttf</filename>
      <size>26</size>
    </font>
    <font>
      <name>fontawesome</name>
      <filename>fontawesome.ttf</filename>
      <size>20</size>
    </font>
    <font>
      <name>x_small_item</name>
      <filename>pillgothic300mg-regular.ttf</filename>
      <size>10</size>
    </font>
  </fontset>
  <fontset id="Massive" idloc="15110">
    <!-- Normal Fonts -->
    <font>
      <name>font10</name>
      <filename>GOODTIME.ttf</filename>
      <size>14</size>
    </font>
    <font>
      <name>font12</name>
      <filename>GOODTIME.ttf</filename>
      <size>23</size>
    </font>
    <font>
      <name>font13</name>
      <filename>GOODTIME.ttf</filename>
      <size>25</size>
    </font>
    <font>
      <name>font14</name>
      <filename>GOODTIME.ttf</filename>
      <size>25</size>
    </font>
    <font>
      <name>font16</name>
      <filename>GOODTIME.ttf</filename>
      <size>25</size>
    </font>
    <font>
      <name>font30</name>
      <filename>GOODTIME.ttf</filename>
      <size>30</size>
    </font>
    <font>
      <name>fontContextMenu</name>
      <filename>GOODTIME.ttf</filename>
      <size>25</size>
    </font>


    <!-- Title Fonts -->
    <font>
      <name>font10_title</name>
      <filename>GOODTIME.ttf</filename>
      <size>12</size>
    </font>
    <font>
      <name>font12_title</name>
      <filename>GOODTIME.ttf</filename>
      <size>17</size>
    </font>
    <font>
      <name>font13_title</name>
      <filename>GOODTIME.ttf</filename>
      <size>20</size>
    </font>
    <font>
      <name>font24_title</name>
      <filename>GOODTIME.ttf</filename>
      <size>24</size>
    </font>
    <font>
      <name>font28_title</name>
      <filename>GOODTIME.ttf</filename>
      <size>28</size>
    </font>
    <font>
      <name>font30_title</name>
      <filename>GOODTIME.ttf</filename>
      <size>30</size>
    </font>
    <font>
      <name>font35_title</name>
      <filename>GOODTIME.ttf</filename>
      <size>35</size>
    </font>
    <font>
      <name>font_MainMenu</name>
      <filename>GOODTIME.ttf</filename>
      <size>40</size>
    </font>
    <font>
      <name>WeatherTemp</name>
      <filename>GOODTIME.ttf</filename>
      <size>80</size>
    </font>
  </fontset>

  <fontset id="DefaultNoCaps" idloc="31391">
    <!-- Normal Fonts -->
    <font>
      <name>font10</name>
      <filename>GOODTIME.ttf</filename>
      <size>14</size>
    </font>
    <font>
      <name>font12</name>
      <filename>GOODTIME.ttf</filename>
      <size>17</size>
    </font>
    <font>
      <name>font13</name>
      <filename>GOODTIME.ttf</filename>
      <size>20</size>
    </font>
    <font>
      <name>font14</name>
      <filename>GOODTIME.ttf</filename>
      <size>22</size>
    </font>
    <font>
      <name>font16</name>
      <filename>GOODTIME.ttf</filename>
      <size>25</size>
    </font>
    <font>
      <name>font30</name>
      <filename>GOODTIME.ttf</filename>
      <size>30</size>
    </font>
    <font>
      <name>fontContextMenu</name>
      <filename>GOODTIME.ttf</filename>
      <size>18</size>
    </font>


    <!-- Title Fonts -->
    <font>
      <name>font10_title</name>
      <filename>GOODTIME.ttf</filename>
      <size>12</size>
    </font>
    <font>
      <name>font12_title</name>
      <filename>GOODTIME.ttf</filename>
      <size>17</size>
    </font>
    <font>
      <name>font13_title</name>
      <filename>GOODTIME.ttf</filename>
      <size>20</size>
    </font>
    <font>
      <name>font24_title</name>
      <filename>GOODTIME.ttf</filename>
      <size>24</size>
    </font>
    <font>
      <name>font28_title</name>
      <filename>GOODTIME.ttf</filename>
      <size>28</size>
    </font>
    <font>
      <name>font30_title</name>
      <filename>GOODTIME.ttf</filename>
      <size>30</size>
    </font>
    <font>
      <name>font35_title</name>
      <filename>GOODTIME.ttf</filename>
      <size>35</size>
    </font>

    <font>
      <name>font_MainMenu</name>
      <filename>GOODTIME.ttf</filename>
      <size>40</size>
    </font>
    <font>
      <name>WeatherTemp</name>
      <filename>GOODTIME.ttf</filename>
      <size>80</size>
    </font>
  </fontset>

  <fontset id="Arial" idloc="31392">
    <!-- Arial Font better for non English -->
    <font>
      <name>font10</name>
      <filename>arial.ttf</filename>
      <size>12</size>
    </font>
    <font>
      <name>font12</name>
      <filename>arial.ttf</filename>
      <size>15</size>
    </font>
    <font>
      <name>font13</name>
      <filename>arial.ttf</filename>
      <size>18</size>
    </font>
    <font>
      <name>font14</name>
      <filename>arial.ttf</filename>
      <size>20</size>
    </font>
    <font>
      <name>font16</name>
      <filename>arial.ttf</filename>
      <size>23</size>
    </font>
    <font>
      <name>font30</name>
      <filename>arial.ttf</filename>
      <size>28</size>
    </font>
    <font>
      <name>fontContextMenu</name>
      <filename>arial.ttf</filename>
      <size>16</size>
    </font>
    <!-- Title Fonts -->
    <font>
      <name>font10_title</name>
      <filename>arial.ttf</filename>
      <size>10</size>
      <style>bold</style>
    </font>
    <font>
      <name>font12_title</name>
      <filename>arial.ttf</filename>
      <size>15</size>
      <style>bold</style>
    </font>
    <font>
      <name>font13_title</name>
      <filename>arial.ttf</filename>
      <size>18</size>
      <style>bold</style>
    </font>
    <font>
      <name>font24_title</name>
      <filename>arial.ttf</filename>
      <size>22</size>
      <style>bold</style>
    </font>
    <font>
      <name>font28_title</name>
      <filename>arial.ttf</filename>
      <size>26</size>
      <style>bold</style>
    </font>
    <font>
      <name>font30_title</name>
      <filename>arial.ttf</filename>
      <size>28</size>
      <style>bold</style>
    </font>
    <font>
      <name>font35_title</name>
      <filename>arial.ttf</filename>
      <size>33</size>
      <style>bold</style>
    </font>
    <font>
      <name>font_MainMenu</name>
      <filename>arial.ttf</filename>
      <size>35</size>
      <style>bold</style>
    </font>
    <font>
      <name>WeatherTemp</name>
      <filename>arial.ttf</filename>
      <size>80</size>
      <style>bold</style>
    </font>
    <!-- Goodtime Fonts -->
    <font>
      <name>goodtime8</name>
      <filename>arial.ttf</filename>
      <size>12</size>
    </font>
    <font>
      <name>goodtime10</name>
      <filename>arial.ttf</filename>
      <size>14</size>
    </font>
    <font>
      <name>goodtime12</name>
      <filename>arial.ttf</filename>
      <size>17</size>
    </font>
    <font>
      <name>goodtime13</name>
      <filename>arial.ttf</filename>
      <size>20</size>
    </font>
    <font>
      <name>goodtime14</name>
      <filename>arial.ttf</filename>
      <size>22</size>
    </font>
    <font>
      <name>goodtime16</name>
      <filename>arial.ttf</filename>
      <size>25</size>
    </font>
    <font>
      <name>goodtime30</name>
      <filename>arial.ttf</filename>
      <size>30</size>
    </font>
    <font>
      <name>breadcrumb</name>
      <filename>arial.ttf</filename>
      <size>17</size>
      <style>uppercase</style>
    </font>
    <font>
      <name>fontconfirmdialog</name>
      <filename>arial.ttf</filename>
      <size>17</size>
      <style>uppercase</style>
    </font>
    <!-- normal fonts -->
    <font>
      <name>normal_item</name>
      <filename>arial.ttf</filename>
      <size>18</size>
    </font>
    <font>
      <name>small_item</name>
      <filename>arial.ttf</filename>
      <size>15</size>
    </font>
    <font>
      <name>large_item</name>
      <filename>arial.ttf</filename>
      <size>20</size>
    </font>
    <font>
      <name>fontawesome</name>
      <filename>fontawesome.ttf</filename>
      <size>20</size>
    </font>
    <font>
      <name>x_small_item</name>
      <filename>arial.ttf</filename>
      <size>9</size>
    </font>
  </fontset>
</fonts>
