<?xml version="1.0" encoding="UTF-8" standalone="yes"?>
<addon  id="script.service.aw.bootprogramlauncher" 
        name="HiveMind Boot Program Launcher Service" 
        version="1.0.1" 
        provider-name="Alienware">
  <requires>
    <import addon="xbmc.python" version="2.1.0"/>
    <import addon="service.aw.customizations"/>
  </requires>
  <extension point="xbmc.service" library="service.py" start="login">
  </extension>
  <extension point="xbmc.addon.metadata">
    <platform>all</platform>
    <minversion>1</minversion>
    <summary lang="en">HiveMind Boot Program Launcher Service</summary>
  </extension>
</addon>
