<?xml version="1.0" encoding="UTF-8" standalone="yes"?>
<addon id="script.aw.webbrowser.launcher" name="Web Browser" version="0.0.1" provider-name="Alienware">
    <requires>
        <import addon="xbmc.python" version="2.1.0"/>
    </requires>
    <extension point="xbmc.python.script" library="launch_webbrowser.py">
        <provides>game executable</provides>
    </extension>
    <extension point="xbmc.addon.metadata">
        <platform>all</platform>
        <summary lang="en">Launches the default web browser. </summary>
        <language></language>
        <description lang="en">This added allows you to launch which ever browser you have set as your default browser.</description>
        <license>GNU GENERAL PUBLIC LICENSE. Version 2, June 1991</license>
        <source>Alienware</source>
        <forum></forum>
        <email></email>
        <website></website>
    </extension>
</addon>
