﻿<?xml version="1.0" encoding="UTF-8"?>
<addon
  id="skin.hivemind"
  version="1.0.9"
  name="The HiveMind Interface"
  provider-name="Alienware">
  <requires>
    <import addon="xbmc.gui" version="5.3.0"/>
  </requires>
  <extension
    point="xbmc.gui.skin"
    defaultthemename="Textures.xbt"
    debugging="false"
    effectslowdown="0.75">
    <res width="1280" height="720" aspect="16:9" default="true" folder="720p" />
  </extension>
  <extension point="xbmc.addon.metadata">
    <summary lang="en">HiveMind by Alienware, Inc.</summary>
    <summary lang="ar">HiveMind من شركة Alienware, Inc.</summary>
    <summary lang="pt_BR">HiveMind por Alienware, Inc.</summary>
    <summary lang="bg">HiveMind от Alienware, Inc.</summary>
    <summary lang="da">HiveMind fra Alienware, Inc.</summary>
    <summary lang="nl">HiveMind van Alienware, Inc.</summary>
    <summary lang="fi">HiveMind by Alienware, Inc.</summary>
    <summary lang="fr">HiveMind de Alienware, Inc.</summary>
    <summary lang="de">HiveMind by Alienware, Inc.</summary>
    <summary lang="hu">HiveMind by Alienware, Inc.</summary>
    <summary lang="pt">HiveMind pela Alienware, Inc.</summary>
    <summary lang="it">HiveMind di Alienware, Inc.</summary>
    <summary lang="ja">Alienware 社による HiveMind</summary>
    <summary lang="ko">HiveMind by Alienware, Inc.</summary>
    <summary lang="no">HiveMind fra Alienware, Inc.</summary>
    <summary lang="pl">HiveMind by Alienware, Inc.</summary>
    <summary lang="ru">HiveMind от компании Alienware, Inc.</summary>
    <summary lang="zh">HiveMind by Alienware, Inc.</summary>
    <summary lang="es">HiveMind de Alienware, Inc.</summary>
    <summary lang="sv">HiveMind av Alienware, Inc.</summary>
    <summary lang="zh_TW">HiveMind 由 Alienware, Inc. 提供</summary>
    <description lang="en">HiveMind is a modified version of Confluence. Alienware has modified the skin to include enhancements that provide access to hardware funcationality and the ability to launch game portals such as Steam. It also includes the ability to use an Xbox 360, Xbox One, Dual Shock 4, or Steam Controller as a mouse and keyboard.</description>
    <description lang="ar">HiveMind هو إصدار معدل من Confluence. لقد أجرت Alienware بعض التعديلات التي تشمل تحسينات توفر الوصول إلى وظائف الأجهزة والقدرة على تشغيل بوابات الألعاب مثل Steam. كما تشمل القدرة على استخدام أجهزة Xbox 360 أو Xbox One أو Dual Shock 4 أو Steam Controller كماوس ولوحة مفاتيح.</description>
    <description lang="pt_BR">HiveMind é uma versão modificada do Confluence. A Alienware modificou a aparência para incluir melhorias que fornecem acesso à funcionalidade de hardware e à capacidade de executar portais de jogos como o Steam. Também inclui a capacidade de usar um Xbox 360, Xbox One, Dual Shock 4 ou Controlador Steam como um mouse e um teclado.</description>
    <description lang="bg">HiveMind е модифицирана версия на Confluence. Alienware е модифицирала кожите, така че да включват разширения, които да осигуряват достъп до функционалност на хардуера и възможност да се стартират портали за игри като Steam. Освен това включва възможността за използване на Xbox 360, Xbox One, Dual Shock 4 или Steam контролер като мишка или клавиатура.</description>
    <description lang="da">HiveMind er en modificeret version af Confluence. Alienware har modificeret temaet, så det omfatter opgraderinger, der giver adgang til hardware-funktionalitet og muligheden for at starte spilleportaler, så som Steam. Det omfatter også muligheden for at bruge Xbox 360, Xbox One, Dual Shock 4, eller Steam Controller som mus og tastatur.</description>
    <description lang="nl">HiveMind is een aangepaste versie van Confluence. Alienware heeft de skin aangepast om verbeteringen toe te voegen voor toegang tot hardwarefuncaties en de mogelijkheid om gameportals, zoals Steam, te starten. Bovendien omvat het de mogelijkheid om een Xbox 360, Xbox One, Dual Shock 4 of Steam Controller als muis en toetsenbord te gebruiken.</description>
    <description lang="fi">HiveMind on muunneltu versio Confluencesta. Alienware on muuttanut ulkoasua sisältämään parannuksia, jotka tarjoavat pääsyn laitteistotoimintoihin ja mahdollisuuden käynnistää peliportaaleja, kuten Steam. Se sisältää myös mahdollisuuden käyttää Xbox 360, Xbox One, Dual Shock 4 ja Steam-ohjaimia hiirenä ja näppäimistönä.</description>
    <description lang="fr">HiveMind est une version modifiée de Confluence. Alienware a modifié l’apparence pour inclure des améliorations qui donnent accès aux fonctionnalités du matériel et la possibilité de lancer des portails de jeux-vidéos tels que Steam. Cette interface inclut également la possibilité d’utiliser une manette Xbox 360, Xbox One, Dual Shock 4 ou Steam à la place du clavier et de la souris.</description>
    <description lang="de">HiveMind ist eine modifizierte Version von Confluence. Das Design von Alienware wurde modifiziert und umfasst Verbesserungen, die den Zugriff auf Hardwarefunktionen und den Start von Spieleportalen, wie Steam, ermöglichen. Zudem können Sie nun eine Xbox 360, Xbox One, Dual Shock 4 oder Steam Controller als Maus und Tastatur verwenden.</description>
    <description lang="hu">Az HiveMind a Confluence egy módosított változata. Az Alienware kibővítette a skineket úgy, hogy hozzáférést biztosítsanak a hardver funkciókhoz, valamint lehetővé teszik az olyan játékportálok elindítását, mint a Steam. Lehetővé teszi továbbá Xbox 360, Xbox One, Dual Shock 4 vagy Steam távvezérlők használatát egérként és billentyűzetként.</description>
    <description lang="pt">O HiveMind é uma versão modificada do Confluence. A Alienware alterou a máscara para incluir melhoramentos que forneçam acesso às funções do hardware e a capacidade de iniciar portais de jogos tais como o Steam. Isto também inclui a capacidade de usar uma Xbox 360, Xbox One, Dual Shock 4, ou o Controlador Steam como rato ou teclado.</description>
    <description lang="it">HiveMind è una versione modificata di Confluence. Alienware ha modificato l'interfaccia per includere miglioramenti che offrono accesso alle funzionalità hardware e capacità di avviare portali di gioco come Steam. Include inoltre la possibilità di utilizzare un controller per Xbox 360, Xbox One, Dual Shock 4 o Steam come mouse e tastiera.</description>
    <description lang="ja">HiveMind は Confluence の改良版です。 Alienware はスキンを修正することで、ハードウェアの機能性と Steam のようなゲームポータルを起動する機能を強化しました。 また、Xbox 360、Xbox One、Dual Shock 4、Steam コントローラをマウスやキーボードとして使用することもできます。</description>
    <description lang="ko">HiveMind는 Confluence의 변경된 버전입니다. Alienware는 하드웨어 기능에 대한 액세스를 제공하고 Steam과 같은 게임 포털을 실행할 수 있도록 스킨을 변경했습니다. 또한 Xbox 360, Xbox One, Dual Shock 4 또는 Steam Controller를 마우스와 키보드처럼 사용할 수 있는 기능을 추가했습니다.</description>
    <description lang="no">HiveMind er en modifisert versjon av Confluence. Alienware har modifisert huden for å inkludere forbedringer som gir tilgang til maskinevarefunksjonalitet og og muligheten til å starte spillportaler som Steam. Den gjør det også mulig å bruke Xbox 360-, Xbox One-, Dual Shock 4- eller Steam-kontroller som mus eller som tastatur.</description>
    <description lang="pl">HiveMind jest zmodyfikowaną wersją usługi Confluence. Firma Alienware zmodyfikowała wygląd aplikacji, dodając do niej nowe, przydatne elementy, które zapewniają dostęp do konfiguracji sprzętowej oraz możliwość uruchamiania platform do gier, takich jak Steam. Usługa HiveMind pozwala również wykorzystywać kontrolery do konsol Xbox 360 i Xbox One oraz Dual Shock 4 i Steam Controller do obsługi urządzeń zamiast klawiatury i myszki.</description>
    <description lang="ru">HiveMind представляет собой усовершенствованную версию Confluence. Компания Alienware усовершенствовала оформление, благодаря чему теперь имеются расширения, обеспечивающие доступ к аппаратной функциональности и возможности запускать такие игровые порталы, как Steam. Помимо этого, появилась возможность использовать Xbox 360, Xbox One, Dual Shock 4 или контроллер Steam в качестве мыши и клавиатуры.</description>
    <description lang="zh">HiveMind 是 Confluence 的修改版本。 Alienware 已修改皮肤来包含增强功能，这些增强功能提供对硬件功能的访问和启动游戏门户（如 Steam）的能力。 它还包含将 Xbox 360、Xbox One、Dual Shock 4 或 Steam 手柄用作鼠标和键盘的能力。</description>
    <description lang="es">HiveMind es una versión modificada de Confluence. Alienware ha modificado la skin para incluir mejoras que proporcionan acceso a funcionalidades de hardware y la posibilidad de iniciar portales de juego como Steam. También incluye la posibilidad de utilizar Xbox 360, Xbox One, Dual Shock 4 o Steam Controller como ratón y teclado.</description>
    <description lang="sv">HiveMind är en modifierad version av Confluence. Alienware har modifierat skalet för att omfatta förbättringar som ger tillgång till maskinvarufunktioner och möjlighet att starta spelportaler såsom Steam. Det inkluderar även möjligheten att använda en Xbox 360-, Xbox One-, Dual Shock 4- eller Steam-kontroller som mus och tangentbord.</description>
    <description lang="zh_TW">HiveMind 是 Confluence 經過修改的版本。 Alienware 的面板經過修改，加入了提供存取硬體功能的增強，以及啟動 Steam 等遊戲入口網站的功能。 同時還包括了使用 Xbox 360、Xbox One、Dual Shock 4 或 Steam 控制器作為滑鼠和鍵盤的功能。</description>
    <platform>all</platform>
  </extension>
</addon>
